"Year","Month","Day","Period","122_HYDRO_1","122_HYDRO_2","122_HYDRO_3","122_HYDRO_4","122_HYDRO_5","122_HYDRO_6","201_HYDRO_4","215_HYDRO_1","215_HYDRO_2","215_HYDRO_3","222_HYDRO_1","222_HYDRO_2","222_HYDRO_3","222_HYDRO_4","222_HYDRO_5","222_HYDRO_6","322_HYDRO_1","322_HYDRO_2","322_HYDRO_3","322_HYDRO_4"
2020,1,1,1,4.2,4.2,4.2,4.2,4.2,4.2,9.3,9.3,9.3,9.3,9.3,9.3,9.3,9.3,9.3,9.3,16.5,16.5,16.5,16.5
2020,1,1,2,4.2,4.2,4.2,4.2,4.2,4.2,9.3,9.3,9.3,9.3,9.3,9.3,9.3,9.3,9.3,9.3,16.5,16.5,16.5,16.5
2020,1,1,3,4.2,4.2,4.2,4.2,4.2,4.2,9.3,9.3,9.3,9.3,9.3,9.3,9.3,9.3,9.3,9.3,16.5,16.5,16.5,16.5
2020,1,1,4,4.2,4.2,4.2,4.2,4.2,4.2,9.3,9.3,9.3,9.3,9.3,9.3,9.3,9.3,9.3,9.3,16.5,16.5,16.5,16.5
2020,1,1,5,4.2,4.2,4.2,4.2,4.2,4.2,9.3,9.3,9.3,9.3,9.3,9.3,9.3,9.3,9.3,9.3,16.5,16.5,16.5,16.5
2020,1,1,6,4.2,4.2,4.2,4.2,4.2,4.2,9.3,9.3,9.3,9.3,9.3,9.3,9.3,9.3,9.3,9.3,16.5,16.5,16.5,16.5
2020,1,1,7,4.2,4.2,4.2,4.2,4.2,4.2,9.3,9.3,9.3,9.3,9.3,9.3,9.3,9.3,9.3,9.3,16.5,16.5,16.5,16.5
2020,1,1,8,4.2,4.2,4.2,4.2,4.2,4.2,9.3,9.3,9.3,9.3,9.3,9.3,9.3,9.3,9.3,9.3,16.5,16.5,16.5,16.5
2020,1,1,9,4.2,4.2,4.2,4.2,4.2,4.2,9.3,9.3,9.3,9.3,9.3,9.3,9.3,9.3,9.3,9.3,16.5,16.5,16.5,16.5
2020,1,1,10,4.2,4.2,4.2,4.2,4.2,4.2,9.3,9.3,9.3,9.3,9.3,9.3,9.3,9.3,9.3,9.3,16.5,16.5,16.5,16.5
2020,1,1,11,4.2,4.2,4.2,4.2,4.2,4.2,9.3,9.3,9.3,9.3,9.3,9.3,9.3,9.3,9.3,9.3,16.5,16.5,16.5,16.5
2020,1,1,12,4.2,4.2,4.2,4.2,4.2,4.2,9.3,9.3,9.3,9.3,9.3,9.3,9.3,9.3,9.3,9.3,16.5,16.5,16.5,16.5
2020,1,1,13,4.167,4.167,4.167,4.167,4.167,4.167,9.317,9.317,9.317,9.317,9.317,9.317,9.317,9.317,9.317,9.317,16.817,16.817,16.817,16.817
2020,1,1,14,4.133,4.133,4.133,4.133,4.133,4.133,9.333,9.333,9.333,9.333,9.333,9.333,9.333,9.333,9.333,9.333,17.133,17.133,17.133,17.133
2020,1,1,15,4.1,4.1,4.1,4.1,4.1,4.1,9.35,9.35,9.35,9.35,9.35,9.35,9.35,9.35,9.35,9.35,17.45,17.45,17.45,17.45
2020,1,1,16,4.067,4.067,4.067,4.067,4.067,4.067,9.367,9.367,9.367,9.367,9.367,9.367,9.367,9.367,9.367,9.367,17.767,17.767,17.767,17.767
2020,1,1,17,4.033,4.033,4.033,4.033,4.033,4.033,9.383,9.383,9.383,9.383,9.383,9.383,9.383,9.383,9.383,9.383,18.083,18.083,18.083,18.083
2020,1,1,18,4,4,4,4,4,4,9.4,9.4,9.4,9.4,9.4,9.4,9.4,9.4,9.4,9.4,18.4,18.4,18.4,18.4
2020,1,1,19,3.967,3.967,3.967,3.967,3.967,3.967,9.417,9.417,9.417,9.417,9.417,9.417,9.417,9.417,9.417,9.417,18.717,18.717,18.717,18.717
2020,1,1,20,3.933,3.933,3.933,3.933,3.933,3.933,9.433,9.433,9.433,9.433,9.433,9.433,9.433,9.433,9.433,9.433,19.033,19.033,19.033,19.033
2020,1,1,21,3.9,3.9,3.9,3.9,3.9,3.9,9.45,9.45,9.45,9.45,9.45,9.45,9.45,9.45,9.45,9.45,19.35,19.35,19.35,19.35
2020,1,1,22,3.867,3.867,3.867,3.867,3.867,3.867,9.467,9.467,9.467,9.467,9.467,9.467,9.467,9.467,9.467,9.467,19.667,19.667,19.667,19.667
2020,1,1,23,3.833,3.833,3.833,3.833,3.833,3.833,9.483,9.483,9.483,9.483,9.483,9.483,9.483,9.483,9.483,9.483,19.983,19.983,19.983,19.983
2020,1,1,24,3.8,3.8,3.8,3.8,3.8,3.8,9.5,9.5,9.5,9.5,9.5,9.5,9.5,9.5,9.5,9.5,20.3,20.3,20.3,20.3
2020,1,1,25,3.8,3.8,3.8,3.8,3.8,3.8,9.483,9.483,9.483,9.483,9.483,9.483,9.483,9.483,9.483,9.483,19.608,19.608,19.608,19.608
2020,1,1,26,3.8,3.8,3.8,3.8,3.8,3.8,9.467,9.467,9.467,9.467,9.467,9.467,9.467,9.467,9.467,9.467,18.917,18.917,18.917,18.917
2020,1,1,27,3.8,3.8,3.8,3.8,3.8,3.8,9.45,9.45,9.45,9.45,9.45,9.45,9.45,9.45,9.45,9.45,18.225,18.225,18.225,18.225
2020,1,1,28,3.8,3.8,3.8,3.8,3.8,3.8,9.433,9.433,9.433,9.433,9.433,9.433,9.433,9.433,9.433,9.433,17.533,17.533,17.533,17.533
2020,1,1,29,3.8,3.8,3.8,3.8,3.8,3.8,9.417,9.417,9.417,9.417,9.417,9.417,9.417,9.417,9.417,9.417,16.842,16.842,16.842,16.842
2020,1,1,30,3.8,3.8,3.8,3.8,3.8,3.8,9.4,9.4,9.4,9.4,9.4,9.4,9.4,9.4,9.4,9.4,16.15,16.15,16.15,16.15
2020,1,1,31,3.8,3.8,3.8,3.8,3.8,3.8,9.383,9.383,9.383,9.383,9.383,9.383,9.383,9.383,9.383,9.383,15.458,15.458,15.458,15.458
2020,1,1,32,3.8,3.8,3.8,3.8,3.8,3.8,9.367,9.367,9.367,9.367,9.367,9.367,9.367,9.367,9.367,9.367,14.767,14.767,14.767,14.767
2020,1,1,33,3.8,3.8,3.8,3.8,3.8,3.8,9.35,9.35,9.35,9.35,9.35,9.35,9.35,9.35,9.35,9.35,14.075,14.075,14.075,14.075
2020,1,1,34,3.8,3.8,3.8,3.8,3.8,3.8,9.333,9.333,9.333,9.333,9.333,9.333,9.333,9.333,9.333,9.333,13.383,13.383,13.383,13.383
2020,1,1,35,3.8,3.8,3.8,3.8,3.8,3.8,9.317,9.317,9.317,9.317,9.317,9.317,9.317,9.317,9.317,9.317,12.692,12.692,12.692,12.692
2020,1,1,36,3.8,3.8,3.8,3.8,3.8,3.8,9.3,9.3,9.3,9.3,9.3,9.3,9.3,9.3,9.3,9.3,12,12,12,12
2020,1,1,37,3.833,3.833,3.833,3.833,3.833,3.833,9.317,9.317,9.317,9.317,9.317,9.317,9.317,9.317,9.317,9.317,11.992,11.992,11.992,11.992
2020,1,1,38,3.867,3.867,3.867,3.867,3.867,3.867,9.333,9.333,9.333,9.333,9.333,9.333,9.333,9.333,9.333,9.333,11.983,11.983,11.983,11.983
2020,1,1,39,3.9,3.9,3.9,3.9,3.9,3.9,9.35,9.35,9.35,9.35,9.35,9.35,9.35,9.35,9.35,9.35,11.975,11.975,11.975,11.975
2020,1,1,40,3.933,3.933,3.933,3.933,3.933,3.933,9.367,9.367,9.367,9.367,9.367,9.367,9.367,9.367,9.367,9.367,11.967,11.967,11.967,11.967
2020,1,1,41,3.967,3.967,3.967,3.967,3.967,3.967,9.383,9.383,9.383,9.383,9.383,9.383,9.383,9.383,9.383,9.383,11.958,11.958,11.958,11.958
2020,1,1,42,4,4,4,4,4,4,9.4,9.4,9.4,9.4,9.4,9.4,9.4,9.4,9.4,9.4,11.95,11.95,11.95,11.95
2020,1,1,43,4.033,4.033,4.033,4.033,4.033,4.033,9.417,9.417,9.417,9.417,9.417,9.417,9.417,9.417,9.417,9.417,11.942,11.942,11.942,11.942
2020,1,1,44,4.067,4.067,4.067,4.067,4.067,4.067,9.433,9.433,9.433,9.433,9.433,9.433,9.433,9.433,9.433,9.433,11.933,11.933,11.933,11.933
2020,1,1,45,4.1,4.1,4.1,4.1,4.1,4.1,9.45,9.45,9.45,9.45,9.45,9.45,9.45,9.45,9.45,9.45,11.925,11.925,11.925,11.925
2020,1,1,46,4.133,4.133,4.133,4.133,4.133,4.133,9.467,9.467,9.467,9.467,9.467,9.467,9.467,9.467,9.467,9.467,11.917,11.917,11.917,11.917
2020,1,1,47,4.167,4.167,4.167,4.167,4.167,4.167,9.483,9.483,9.483,9.483,9.483,9.483,9.483,9.483,9.483,9.483,11.908,11.908,11.908,11.908
2020,1,1,48,4.2,4.2,4.2,4.2,4.2,4.2,9.5,9.5,9.5,9.5,9.5,9.5,9.5,9.5,9.5,9.5,11.9,11.9,11.9,11.9
2020,1,1,49,4.167,4.167,4.167,4.167,4.167,4.167,9.483,9.483,9.483,9.483,9.483,9.483,9.483,9.483,9.483,9.483,11.883,11.883,11.883,11.883
2020,1,1,50,4.133,4.133,4.133,4.133,4.133,4.133,9.467,9.467,9.467,9.467,9.467,9.467,9.467,9.467,9.467,9.467,11.867,11.867,11.867,11.867
2020,1,1,51,4.1,4.1,4.1,4.1,4.1,4.1,9.45,9.45,9.45,9.45,9.45,9.45,9.45,9.45,9.45,9.45,11.85,11.85,11.85,11.85
2020,1,1,52,4.067,4.067,4.067,4.067,4.067,4.067,9.433,9.433,9.433,9.433,9.433,9.433,9.433,9.433,9.433,9.433,11.833,11.833,11.833,11.833
2020,1,1,53,4.033,4.033,4.033,4.033,4.033,4.033,9.417,9.417,9.417,9.417,9.417,9.417,9.417,9.417,9.417,9.417,11.817,11.817,11.817,11.817
2020,1,1,54,4,4,4,4,4,4,9.4,9.4,9.4,9.4,9.4,9.4,9.4,9.4,9.4,9.4,11.8,11.8,11.8,11.8
2020,1,1,55,3.967,3.967,3.967,3.967,3.967,3.967,9.383,9.383,9.383,9.383,9.383,9.383,9.383,9.383,9.383,9.383,11.783,11.783,11.783,11.783
2020,1,1,56,3.933,3.933,3.933,3.933,3.933,3.933,9.367,9.367,9.367,9.367,9.367,9.367,9.367,9.367,9.367,9.367,11.767,11.767,11.767,11.767
2020,1,1,57,3.9,3.9,3.9,3.9,3.9,3.9,9.35,9.35,9.35,9.35,9.35,9.35,9.35,9.35,9.35,9.35,11.75,11.75,11.75,11.75
2020,1,1,58,3.867,3.867,3.867,3.867,3.867,3.867,9.333,9.333,9.333,9.333,9.333,9.333,9.333,9.333,9.333,9.333,11.733,11.733,11.733,11.733
2020,1,1,59,3.833,3.833,3.833,3.833,3.833,3.833,9.317,9.317,9.317,9.317,9.317,9.317,9.317,9.317,9.317,9.317,11.717,11.717,11.717,11.717
2020,1,1,60,3.8,3.8,3.8,3.8,3.8,3.8,9.3,9.3,9.3,9.3,9.3,9.3,9.3,9.3,9.3,9.3,11.7,11.7,11.7,11.7
2020,1,1,61,3.8,3.8,3.8,3.8,3.8,3.8,9.283,9.283,9.283,9.283,9.283,9.283,9.283,9.283,9.283,9.283,11.292,11.292,11.292,11.292
2020,1,1,62,3.8,3.8,3.8,3.8,3.8,3.8,9.267,9.267,9.267,9.267,9.267,9.267,9.267,9.267,9.267,9.267,10.883,10.883,10.883,10.883
2020,1,1,63,3.8,3.8,3.8,3.8,3.8,3.8,9.25,9.25,9.25,9.25,9.25,9.25,9.25,9.25,9.25,9.25,10.475,10.475,10.475,10.475
2020,1,1,64,3.8,3.8,3.8,3.8,3.8,3.8,9.233,9.233,9.233,9.233,9.233,9.233,9.233,9.233,9.233,9.233,10.067,10.067,10.067,10.067
2020,1,1,65,3.8,3.8,3.8,3.8,3.8,3.8,9.217,9.217,9.217,9.217,9.217,9.217,9.217,9.217,9.217,9.217,9.658,9.658,9.658,9.658
2020,1,1,66,3.8,3.8,3.8,3.8,3.8,3.8,9.2,9.2,9.2,9.2,9.2,9.2,9.2,9.2,9.2,9.2,9.25,9.25,9.25,9.25
2020,1,1,67,3.8,3.8,3.8,3.8,3.8,3.8,9.183,9.183,9.183,9.183,9.183,9.183,9.183,9.183,9.183,9.183,8.842,8.842,8.842,8.842
2020,1,1,68,3.8,3.8,3.8,3.8,3.8,3.8,9.167,9.167,9.167,9.167,9.167,9.167,9.167,9.167,9.167,9.167,8.433,8.433,8.433,8.433
2020,1,1,69,3.8,3.8,3.8,3.8,3.8,3.8,9.15,9.15,9.15,9.15,9.15,9.15,9.15,9.15,9.15,9.15,8.025,8.025,8.025,8.025
2020,1,1,70,3.8,3.8,3.8,3.8,3.8,3.8,9.133,9.133,9.133,9.133,9.133,9.133,9.133,9.133,9.133,9.133,7.617,7.617,7.617,7.617
2020,1,1,71,3.8,3.8,3.8,3.8,3.8,3.8,9.117,9.117,9.117,9.117,9.117,9.117,9.117,9.117,9.117,9.117,7.208,7.208,7.208,7.208
2020,1,1,72,3.8,3.8,3.8,3.8,3.8,3.8,9.1,9.1,9.1,9.1,9.1,9.1,9.1,9.1,9.1,9.1,6.8,6.8,6.8,6.8
2020,1,1,73,3.833,3.833,3.833,3.833,3.833,3.833,9.133,9.133,9.133,9.133,9.133,9.133,9.133,9.133,9.133,9.133,6.867,6.867,6.867,6.867
2020,1,1,74,3.867,3.867,3.867,3.867,3.867,3.867,9.167,9.167,9.167,9.167,9.167,9.167,9.167,9.167,9.167,9.167,6.933,6.933,6.933,6.933
2020,1,1,75,3.9,3.9,3.9,3.9,3.9,3.9,9.2,9.2,9.2,9.2,9.2,9.2,9.2,9.2,9.2,9.2,7,7,7,7
2020,1,1,76,3.933,3.933,3.933,3.933,3.933,3.933,9.233,9.233,9.233,9.233,9.233,9.233,9.233,9.233,9.233,9.233,7.067,7.067,7.067,7.067
2020,1,1,77,3.967,3.967,3.967,3.967,3.967,3.967,9.267,9.267,9.267,9.267,9.267,9.267,9.267,9.267,9.267,9.267,7.133,7.133,7.133,7.133
2020,1,1,78,4,4,4,4,4,4,9.3,9.3,9.3,9.3,9.3,9.3,9.3,9.3,9.3,9.3,7.2,7.2,7.2,7.2
2020,1,1,79,4.033,4.033,4.033,4.033,4.033,4.033,9.333,9.333,9.333,9.333,9.333,9.333,9.333,9.333,9.333,9.333,7.267,7.267,7.267,7.267
2020,1,1,80,4.067,4.067,4.067,4.067,4.067,4.067,9.367,9.367,9.367,9.367,9.367,9.367,9.367,9.367,9.367,9.367,7.333,7.333,7.333,7.333
2020,1,1,81,4.1,4.1,4.1,4.1,4.1,4.1,9.4,9.4,9.4,9.4,9.4,9.4,9.4,9.4,9.4,9.4,7.4,7.4,7.4,7.4
2020,1,1,82,4.133,4.133,4.133,4.133,4.133,4.133,9.433,9.433,9.433,9.433,9.433,9.433,9.433,9.433,9.433,9.433,7.467,7.467,7.467,7.467
2020,1,1,83,4.167,4.167,4.167,4.167,4.167,4.167,9.467,9.467,9.467,9.467,9.467,9.467,9.467,9.467,9.467,9.467,7.533,7.533,7.533,7.533
2020,1,1,84,4.2,4.2,4.2,4.2,4.2,4.2,9.5,9.5,9.5,9.5,9.5,9.5,9.5,9.5,9.5,9.5,7.6,7.6,7.6,7.6
2020,1,1,85,4.167,4.167,4.167,4.167,4.167,4.167,10.283,10.283,10.283,10.283,10.283,10.283,10.283,10.283,10.283,10.283,8.567,8.567,8.567,8.567
2020,1,1,86,4.133,4.133,4.133,4.133,4.133,4.133,11.067,11.067,11.067,11.067,11.067,11.067,11.067,11.067,11.067,11.067,9.533,9.533,9.533,9.533
2020,1,1,87,4.1,4.1,4.1,4.1,4.1,4.1,11.85,11.85,11.85,11.85,11.85,11.85,11.85,11.85,11.85,11.85,10.5,10.5,10.5,10.5
2020,1,1,88,4.067,4.067,4.067,4.067,4.067,4.067,12.633,12.633,12.633,12.633,12.633,12.633,12.633,12.633,12.633,12.633,11.467,11.467,11.467,11.467
2020,1,1,89,4.033,4.033,4.033,4.033,4.033,4.033,13.417,13.417,13.417,13.417,13.417,13.417,13.417,13.417,13.417,13.417,12.433,12.433,12.433,12.433
2020,1,1,90,4,4,4,4,4,4,14.2,14.2,14.2,14.2,14.2,14.2,14.2,14.2,14.2,14.2,13.4,13.4,13.4,13.4
2020,1,1,91,3.967,3.967,3.967,3.967,3.967,3.967,14.983,14.983,14.983,14.983,14.983,14.983,14.983,14.983,14.983,14.983,14.367,14.367,14.367,14.367
2020,1,1,92,3.933,3.933,3.933,3.933,3.933,3.933,15.767,15.767,15.767,15.767,15.767,15.767,15.767,15.767,15.767,15.767,15.333,15.333,15.333,15.333
2020,1,1,93,3.9,3.9,3.9,3.9,3.9,3.9,16.55,16.55,16.55,16.55,16.55,16.55,16.55,16.55,16.55,16.55,16.3,16.3,16.3,16.3
2020,1,1,94,3.867,3.867,3.867,3.867,3.867,3.867,17.333,17.333,17.333,17.333,17.333,17.333,17.333,17.333,17.333,17.333,17.267,17.267,17.267,17.267
2020,1,1,95,3.833,3.833,3.833,3.833,3.833,3.833,18.117,18.117,18.117,18.117,18.117,18.117,18.117,18.117,18.117,18.117,18.233,18.233,18.233,18.233
2020,1,1,96,3.8,3.8,3.8,3.8,3.8,3.8,18.9,18.9,18.9,18.9,18.9,18.9,18.9,18.9,18.9,18.9,19.2,19.2,19.2,19.2
2020,1,1,97,3.8,3.8,3.8,3.8,3.8,3.8,18.867,18.867,18.867,18.867,18.867,18.867,18.867,18.867,18.867,18.867,18.508,18.508,18.508,18.508
2020,1,1,98,3.8,3.8,3.8,3.8,3.8,3.8,18.833,18.833,18.833,18.833,18.833,18.833,18.833,18.833,18.833,18.833,17.817,17.817,17.817,17.817
2020,1,1,99,3.8,3.8,3.8,3.8,3.8,3.8,18.8,18.8,18.8,18.8,18.8,18.8,18.8,18.8,18.8,18.8,17.125,17.125,17.125,17.125
2020,1,1,100,3.8,3.8,3.8,3.8,3.8,3.8,18.767,18.767,18.767,18.767,18.767,18.767,18.767,18.767,18.767,18.767,16.433,16.433,16.433,16.433
2020,1,1,101,3.8,3.8,3.8,3.8,3.8,3.8,18.733,18.733,18.733,18.733,18.733,18.733,18.733,18.733,18.733,18.733,15.742,15.742,15.742,15.742
2020,1,1,102,3.8,3.8,3.8,3.8,3.8,3.8,18.7,18.7,18.7,18.7,18.7,18.7,18.7,18.7,18.7,18.7,15.05,15.05,15.05,15.05
2020,1,1,103,3.8,3.8,3.8,3.8,3.8,3.8,18.667,18.667,18.667,18.667,18.667,18.667,18.667,18.667,18.667,18.667,14.358,14.358,14.358,14.358
2020,1,1,104,3.8,3.8,3.8,3.8,3.8,3.8,18.633,18.633,18.633,18.633,18.633,18.633,18.633,18.633,18.633,18.633,13.667,13.667,13.667,13.667
2020,1,1,105,3.8,3.8,3.8,3.8,3.8,3.8,18.6,18.6,18.6,18.6,18.6,18.6,18.6,18.6,18.6,18.6,12.975,12.975,12.975,12.975
2020,1,1,106,3.8,3.8,3.8,3.8,3.8,3.8,18.567,18.567,18.567,18.567,18.567,18.567,18.567,18.567,18.567,18.567,12.283,12.283,12.283,12.283
2020,1,1,107,3.8,3.8,3.8,3.8,3.8,3.8,18.533,18.533,18.533,18.533,18.533,18.533,18.533,18.533,18.533,18.533,11.592,11.592,11.592,11.592
2020,1,1,108,3.8,3.8,3.8,3.8,3.8,3.8,18.5,18.5,18.5,18.5,18.5,18.5,18.5,18.5,18.5,18.5,10.9,10.9,10.9,10.9
2020,1,1,109,3.8,3.8,3.8,3.8,3.8,3.8,18.5,18.5,18.5,18.5,18.5,18.5,18.5,18.5,18.5,18.5,12.717,12.717,12.717,12.717
2020,1,1,110,3.8,3.8,3.8,3.8,3.8,3.8,18.5,18.5,18.5,18.5,18.5,18.5,18.5,18.5,18.5,18.5,14.533,14.533,14.533,14.533
2020,1,1,111,3.8,3.8,3.8,3.8,3.8,3.8,18.5,18.5,18.5,18.5,18.5,18.5,18.5,18.5,18.5,18.5,16.35,16.35,16.35,16.35
2020,1,1,112,3.8,3.8,3.8,3.8,3.8,3.8,18.5,18.5,18.5,18.5,18.5,18.5,18.5,18.5,18.5,18.5,18.167,18.167,18.167,18.167
2020,1,1,113,3.8,3.8,3.8,3.8,3.8,3.8,18.5,18.5,18.5,18.5,18.5,18.5,18.5,18.5,18.5,18.5,19.983,19.983,19.983,19.983
2020,1,1,114,3.8,3.8,3.8,3.8,3.8,3.8,18.5,18.5,18.5,18.5,18.5,18.5,18.5,18.5,18.5,18.5,21.8,21.8,21.8,21.8
2020,1,1,115,3.8,3.8,3.8,3.8,3.8,3.8,18.5,18.5,18.5,18.5,18.5,18.5,18.5,18.5,18.5,18.5,23.617,23.617,23.617,23.617
2020,1,1,116,3.8,3.8,3.8,3.8,3.8,3.8,18.5,18.5,18.5,18.5,18.5,18.5,18.5,18.5,18.5,18.5,25.433,25.433,25.433,25.433
2020,1,1,117,3.8,3.8,3.8,3.8,3.8,3.8,18.5,18.5,18.5,18.5,18.5,18.5,18.5,18.5,18.5,18.5,27.25,27.25,27.25,27.25
2020,1,1,118,3.8,3.8,3.8,3.8,3.8,3.8,18.5,18.5,18.5,18.5,18.5,18.5,18.5,18.5,18.5,18.5,29.067,29.067,29.067,29.067
2020,1,1,119,3.8,3.8,3.8,3.8,3.8,3.8,18.5,18.5,18.5,18.5,18.5,18.5,18.5,18.5,18.5,18.5,30.883,30.883,30.883,30.883
2020,1,1,120,3.8,3.8,3.8,3.8,3.8,3.8,18.5,18.5,18.5,18.5,18.5,18.5,18.5,18.5,18.5,18.5,32.7,32.7,32.7,32.7
2020,1,1,121,3.8,3.8,3.8,3.8,3.8,3.8,18.517,18.517,18.517,18.517,18.517,18.517,18.517,18.517,18.517,18.517,32.908,32.908,32.908,32.908
2020,1,1,122,3.8,3.8,3.8,3.8,3.8,3.8,18.533,18.533,18.533,18.533,18.533,18.533,18.533,18.533,18.533,18.533,33.117,33.117,33.117,33.117
2020,1,1,123,3.8,3.8,3.8,3.8,3.8,3.8,18.55,18.55,18.55,18.55,18.55,18.55,18.55,18.55,18.55,18.55,33.325,33.325,33.325,33.325
2020,1,1,124,3.8,3.8,3.8,3.8,3.8,3.8,18.567,18.567,18.567,18.567,18.567,18.567,18.567,18.567,18.567,18.567,33.533,33.533,33.533,33.533
2020,1,1,125,3.8,3.8,3.8,3.8,3.8,3.8,18.583,18.583,18.583,18.583,18.583,18.583,18.583,18.583,18.583,18.583,33.742,33.742,33.742,33.742
2020,1,1,126,3.8,3.8,3.8,3.8,3.8,3.8,18.6,18.6,18.6,18.6,18.6,18.6,18.6,18.6,18.6,18.6,33.95,33.95,33.95,33.95
2020,1,1,127,3.8,3.8,3.8,3.8,3.8,3.8,18.617,18.617,18.617,18.617,18.617,18.617,18.617,18.617,18.617,18.617,34.158,34.158,34.158,34.158
2020,1,1,128,3.8,3.8,3.8,3.8,3.8,3.8,18.633,18.633,18.633,18.633,18.633,18.633,18.633,18.633,18.633,18.633,34.367,34.367,34.367,34.367
2020,1,1,129,3.8,3.8,3.8,3.8,3.8,3.8,18.65,18.65,18.65,18.65,18.65,18.65,18.65,18.65,18.65,18.65,34.575,34.575,34.575,34.575
2020,1,1,130,3.8,3.8,3.8,3.8,3.8,3.8,18.667,18.667,18.667,18.667,18.667,18.667,18.667,18.667,18.667,18.667,34.783,34.783,34.783,34.783
2020,1,1,131,3.8,3.8,3.8,3.8,3.8,3.8,18.683,18.683,18.683,18.683,18.683,18.683,18.683,18.683,18.683,18.683,34.992,34.992,34.992,34.992
2020,1,1,132,3.8,3.8,3.8,3.8,3.8,3.8,18.7,18.7,18.7,18.7,18.7,18.7,18.7,18.7,18.7,18.7,35.2,35.2,35.2,35.2
2020,1,1,133,3.8,3.8,3.8,3.8,3.8,3.8,18.683,18.683,18.683,18.683,18.683,18.683,18.683,18.683,18.683,18.683,35.225,35.225,35.225,35.225
2020,1,1,134,3.8,3.8,3.8,3.8,3.8,3.8,18.667,18.667,18.667,18.667,18.667,18.667,18.667,18.667,18.667,18.667,35.25,35.25,35.25,35.25
2020,1,1,135,3.8,3.8,3.8,3.8,3.8,3.8,18.65,18.65,18.65,18.65,18.65,18.65,18.65,18.65,18.65,18.65,35.275,35.275,35.275,35.275
2020,1,1,136,3.8,3.8,3.8,3.8,3.8,3.8,18.633,18.633,18.633,18.633,18.633,18.633,18.633,18.633,18.633,18.633,35.3,35.3,35.3,35.3
2020,1,1,137,3.8,3.8,3.8,3.8,3.8,3.8,18.617,18.617,18.617,18.617,18.617,18.617,18.617,18.617,18.617,18.617,35.325,35.325,35.325,35.325
2020,1,1,138,3.8,3.8,3.8,3.8,3.8,3.8,18.6,18.6,18.6,18.6,18.6,18.6,18.6,18.6,18.6,18.6,35.35,35.35,35.35,35.35
2020,1,1,139,3.8,3.8,3.8,3.8,3.8,3.8,18.583,18.583,18.583,18.583,18.583,18.583,18.583,18.583,18.583,18.583,35.375,35.375,35.375,35.375
2020,1,1,140,3.8,3.8,3.8,3.8,3.8,3.8,18.567,18.567,18.567,18.567,18.567,18.567,18.567,18.567,18.567,18.567,35.4,35.4,35.4,35.4
2020,1,1,141,3.8,3.8,3.8,3.8,3.8,3.8,18.55,18.55,18.55,18.55,18.55,18.55,18.55,18.55,18.55,18.55,35.425,35.425,35.425,35.425
2020,1,1,142,3.8,3.8,3.8,3.8,3.8,3.8,18.533,18.533,18.533,18.533,18.533,18.533,18.533,18.533,18.533,18.533,35.45,35.45,35.45,35.45
2020,1,1,143,3.8,3.8,3.8,3.8,3.8,3.8,18.517,18.517,18.517,18.517,18.517,18.517,18.517,18.517,18.517,18.517,35.475,35.475,35.475,35.475
2020,1,1,144,3.8,3.8,3.8,3.8,3.8,3.8,18.5,18.5,18.5,18.5,18.5,18.5,18.5,18.5,18.5,18.5,35.5,35.5,35.5,35.5
2020,1,1,145,3.8,3.8,3.8,3.8,3.8,3.8,18.517,18.517,18.517,18.517,18.517,18.517,18.517,18.517,18.517,18.517,35.467,35.467,35.467,35.467
2020,1,1,146,3.8,3.8,3.8,3.8,3.8,3.8,18.533,18.533,18.533,18.533,18.533,18.533,18.533,18.533,18.533,18.533,35.433,35.433,35.433,35.433
2020,1,1,147,3.8,3.8,3.8,3.8,3.8,3.8,18.55,18.55,18.55,18.55,18.55,18.55,18.55,18.55,18.55,18.55,35.4,35.4,35.4,35.4
2020,1,1,148,3.8,3.8,3.8,3.8,3.8,3.8,18.567,18.567,18.567,18.567,18.567,18.567,18.567,18.567,18.567,18.567,35.367,35.367,35.367,35.367
2020,1,1,149,3.8,3.8,3.8,3.8,3.8,3.8,18.583,18.583,18.583,18.583,18.583,18.583,18.583,18.583,18.583,18.583,35.333,35.333,35.333,35.333
2020,1,1,150,3.8,3.8,3.8,3.8,3.8,3.8,18.6,18.6,18.6,18.6,18.6,18.6,18.6,18.6,18.6,18.6,35.3,35.3,35.3,35.3
2020,1,1,151,3.8,3.8,3.8,3.8,3.8,3.8,18.617,18.617,18.617,18.617,18.617,18.617,18.617,18.617,18.617,18.617,35.267,35.267,35.267,35.267
2020,1,1,152,3.8,3.8,3.8,3.8,3.8,3.8,18.633,18.633,18.633,18.633,18.633,18.633,18.633,18.633,18.633,18.633,35.233,35.233,35.233,35.233
2020,1,1,153,3.8,3.8,3.8,3.8,3.8,3.8,18.65,18.65,18.65,18.65,18.65,18.65,18.65,18.65,18.65,18.65,35.2,35.2,35.2,35.2
2020,1,1,154,3.8,3.8,3.8,3.8,3.8,3.8,18.667,18.667,18.667,18.667,18.667,18.667,18.667,18.667,18.667,18.667,35.167,35.167,35.167,35.167
2020,1,1,155,3.8,3.8,3.8,3.8,3.8,3.8,18.683,18.683,18.683,18.683,18.683,18.683,18.683,18.683,18.683,18.683,35.133,35.133,35.133,35.133
2020,1,1,156,3.8,3.8,3.8,3.8,3.8,3.8,18.7,18.7,18.7,18.7,18.7,18.7,18.7,18.7,18.7,18.7,35.1,35.1,35.1,35.1
2020,1,1,157,3.833,3.833,3.833,3.833,3.833,3.833,18.7,18.7,18.7,18.7,18.7,18.7,18.7,18.7,18.7,18.7,33.958,33.958,33.958,33.958
2020,1,1,158,3.867,3.867,3.867,3.867,3.867,3.867,18.7,18.7,18.7,18.7,18.7,18.7,18.7,18.7,18.7,18.7,32.817,32.817,32.817,32.817
2020,1,1,159,3.9,3.9,3.9,3.9,3.9,3.9,18.7,18.7,18.7,18.7,18.7,18.7,18.7,18.7,18.7,18.7,31.675,31.675,31.675,31.675
2020,1,1,160,3.933,3.933,3.933,3.933,3.933,3.933,18.7,18.7,18.7,18.7,18.7,18.7,18.7,18.7,18.7,18.7,30.533,30.533,30.533,30.533
2020,1,1,161,3.967,3.967,3.967,3.967,3.967,3.967,18.7,18.7,18.7,18.7,18.7,18.7,18.7,18.7,18.7,18.7,29.392,29.392,29.392,29.392
2020,1,1,162,4,4,4,4,4,4,18.7,18.7,18.7,18.7,18.7,18.7,18.7,18.7,18.7,18.7,28.25,28.25,28.25,28.25
2020,1,1,163,4.033,4.033,4.033,4.033,4.033,4.033,18.7,18.7,18.7,18.7,18.7,18.7,18.7,18.7,18.7,18.7,27.108,27.108,27.108,27.108
2020,1,1,164,4.067,4.067,4.067,4.067,4.067,4.067,18.7,18.7,18.7,18.7,18.7,18.7,18.7,18.7,18.7,18.7,25.967,25.967,25.967,25.967
2020,1,1,165,4.1,4.1,4.1,4.1,4.1,4.1,18.7,18.7,18.7,18.7,18.7,18.7,18.7,18.7,18.7,18.7,24.825,24.825,24.825,24.825
2020,1,1,166,4.133,4.133,4.133,4.133,4.133,4.133,18.7,18.7,18.7,18.7,18.7,18.7,18.7,18.7,18.7,18.7,23.683,23.683,23.683,23.683
2020,1,1,167,4.167,4.167,4.167,4.167,4.167,4.167,18.7,18.7,18.7,18.7,18.7,18.7,18.7,18.7,18.7,18.7,22.542,22.542,22.542,22.542
2020,1,1,168,4.2,4.2,4.2,4.2,4.2,4.2,18.7,18.7,18.7,18.7,18.7,18.7,18.7,18.7,18.7,18.7,21.4,21.4,21.4,21.4
2020,1,1,169,4.2,4.2,4.2,4.2,4.2,4.2,18.7,18.7,18.7,18.7,18.7,18.7,18.7,18.7,18.7,18.7,21.025,21.025,21.025,21.025
2020,1,1,170,4.2,4.2,4.2,4.2,4.2,4.2,18.7,18.7,18.7,18.7,18.7,18.7,18.7,18.7,18.7,18.7,20.65,20.65,20.65,20.65
2020,1,1,171,4.2,4.2,4.2,4.2,4.2,4.2,18.7,18.7,18.7,18.7,18.7,18.7,18.7,18.7,18.7,18.7,20.275,20.275,20.275,20.275
2020,1,1,172,4.2,4.2,4.2,4.2,4.2,4.2,18.7,18.7,18.7,18.7,18.7,18.7,18.7,18.7,18.7,18.7,19.9,19.9,19.9,19.9
2020,1,1,173,4.2,4.2,4.2,4.2,4.2,4.2,18.7,18.7,18.7,18.7,18.7,18.7,18.7,18.7,18.7,18.7,19.525,19.525,19.525,19.525
2020,1,1,174,4.2,4.2,4.2,4.2,4.2,4.2,18.7,18.7,18.7,18.7,18.7,18.7,18.7,18.7,18.7,18.7,19.15,19.15,19.15,19.15
2020,1,1,175,4.2,4.2,4.2,4.2,4.2,4.2,18.7,18.7,18.7,18.7,18.7,18.7,18.7,18.7,18.7,18.7,18.775,18.775,18.775,18.775
2020,1,1,176,4.2,4.2,4.2,4.2,4.2,4.2,18.7,18.7,18.7,18.7,18.7,18.7,18.7,18.7,18.7,18.7,18.4,18.4,18.4,18.4
2020,1,1,177,4.2,4.2,4.2,4.2,4.2,4.2,18.7,18.7,18.7,18.7,18.7,18.7,18.7,18.7,18.7,18.7,18.025,18.025,18.025,18.025
2020,1,1,178,4.2,4.2,4.2,4.2,4.2,4.2,18.7,18.7,18.7,18.7,18.7,18.7,18.7,18.7,18.7,18.7,17.65,17.65,17.65,17.65
2020,1,1,179,4.2,4.2,4.2,4.2,4.2,4.2,18.7,18.7,18.7,18.7,18.7,18.7,18.7,18.7,18.7,18.7,17.275,17.275,17.275,17.275
2020,1,1,180,4.2,4.2,4.2,4.2,4.2,4.2,18.7,18.7,18.7,18.7,18.7,18.7,18.7,18.7,18.7,18.7,16.9,16.9,16.9,16.9
2020,1,1,181,4.95,4.95,4.95,4.95,4.95,4.95,18.7,18.7,18.7,18.7,18.7,18.7,18.7,18.7,18.7,18.7,17.108,17.108,17.108,17.108
2020,1,1,182,5.7,5.7,5.7,5.7,5.7,5.7,18.7,18.7,18.7,18.7,18.7,18.7,18.7,18.7,18.7,18.7,17.317,17.317,17.317,17.317
2020,1,1,183,6.45,6.45,6.45,6.45,6.45,6.45,18.7,18.7,18.7,18.7,18.7,18.7,18.7,18.7,18.7,18.7,17.525,17.525,17.525,17.525
2020,1,1,184,7.2,7.2,7.2,7.2,7.2,7.2,18.7,18.7,18.7,18.7,18.7,18.7,18.7,18.7,18.7,18.7,17.733,17.733,17.733,17.733
2020,1,1,185,7.95,7.95,7.95,7.95,7.95,7.95,18.7,18.7,18.7,18.7,18.7,18.7,18.7,18.7,18.7,18.7,17.942,17.942,17.942,17.942
2020,1,1,186,8.7,8.7,8.7,8.7,8.7,8.7,18.7,18.7,18.7,18.7,18.7,18.7,18.7,18.7,18.7,18.7,18.15,18.15,18.15,18.15
2020,1,1,187,9.45,9.45,9.45,9.45,9.45,9.45,18.7,18.7,18.7,18.7,18.7,18.7,18.7,18.7,18.7,18.7,18.358,18.358,18.358,18.358
2020,1,1,188,10.2,10.2,10.2,10.2,10.2,10.2,18.7,18.7,18.7,18.7,18.7,18.7,18.7,18.7,18.7,18.7,18.567,18.567,18.567,18.567
2020,1,1,189,10.95,10.95,10.95,10.95,10.95,10.95,18.7,18.7,18.7,18.7,18.7,18.7,18.7,18.7,18.7,18.7,18.775,18.775,18.775,18.775
2020,1,1,190,11.7,11.7,11.7,11.7,11.7,11.7,18.7,18.7,18.7,18.7,18.7,18.7,18.7,18.7,18.7,18.7,18.983,18.983,18.983,18.983
2020,1,1,191,12.45,12.45,12.45,12.45,12.45,12.45,18.7,18.7,18.7,18.7,18.7,18.7,18.7,18.7,18.7,18.7,19.192,19.192,19.192,19.192
2020,1,1,192,13.2,13.2,13.2,13.2,13.2,13.2,18.7,18.7,18.7,18.7,18.7,18.7,18.7,18.7,18.7,18.7,19.4,19.4,19.4,19.4
2020,1,1,193,13.158,13.158,13.158,13.158,13.158,13.158,18.717,18.717,18.717,18.717,18.717,18.717,18.717,18.717,18.717,18.717,19.042,19.042,19.042,19.042
2020,1,1,194,13.117,13.117,13.117,13.117,13.117,13.117,18.733,18.733,18.733,18.733,18.733,18.733,18.733,18.733,18.733,18.733,18.683,18.683,18.683,18.683
2020,1,1,195,13.075,13.075,13.075,13.075,13.075,13.075,18.75,18.75,18.75,18.75,18.75,18.75,18.75,18.75,18.75,18.75,18.325,18.325,18.325,18.325
2020,1,1,196,13.033,13.033,13.033,13.033,13.033,13.033,18.767,18.767,18.767,18.767,18.767,18.767,18.767,18.767,18.767,18.767,17.967,17.967,17.967,17.967
2020,1,1,197,12.992,12.992,12.992,12.992,12.992,12.992,18.783,18.783,18.783,18.783,18.783,18.783,18.783,18.783,18.783,18.783,17.608,17.608,17.608,17.608
2020,1,1,198,12.95,12.95,12.95,12.95,12.95,12.95,18.8,18.8,18.8,18.8,18.8,18.8,18.8,18.8,18.8,18.8,17.25,17.25,17.25,17.25
2020,1,1,199,12.908,12.908,12.908,12.908,12.908,12.908,18.817,18.817,18.817,18.817,18.817,18.817,18.817,18.817,18.817,18.817,16.892,16.892,16.892,16.892
2020,1,1,200,12.867,12.867,12.867,12.867,12.867,12.867,18.833,18.833,18.833,18.833,18.833,18.833,18.833,18.833,18.833,18.833,16.533,16.533,16.533,16.533
2020,1,1,201,12.825,12.825,12.825,12.825,12.825,12.825,18.85,18.85,18.85,18.85,18.85,18.85,18.85,18.85,18.85,18.85,16.175,16.175,16.175,16.175
2020,1,1,202,12.783,12.783,12.783,12.783,12.783,12.783,18.867,18.867,18.867,18.867,18.867,18.867,18.867,18.867,18.867,18.867,15.817,15.817,15.817,15.817
2020,1,1,203,12.742,12.742,12.742,12.742,12.742,12.742,18.883,18.883,18.883,18.883,18.883,18.883,18.883,18.883,18.883,18.883,15.458,15.458,15.458,15.458
2020,1,1,204,12.7,12.7,12.7,12.7,12.7,12.7,18.9,18.9,18.9,18.9,18.9,18.9,18.9,18.9,18.9,18.9,15.1,15.1,15.1,15.1
2020,1,1,205,12.742,12.742,12.742,12.742,12.742,12.742,18.817,18.817,18.817,18.817,18.817,18.817,18.817,18.817,18.817,18.817,15.808,15.808,15.808,15.808
2020,1,1,206,12.783,12.783,12.783,12.783,12.783,12.783,18.733,18.733,18.733,18.733,18.733,18.733,18.733,18.733,18.733,18.733,16.517,16.517,16.517,16.517
2020,1,1,207,12.825,12.825,12.825,12.825,12.825,12.825,18.65,18.65,18.65,18.65,18.65,18.65,18.65,18.65,18.65,18.65,17.225,17.225,17.225,17.225
2020,1,1,208,12.867,12.867,12.867,12.867,12.867,12.867,18.567,18.567,18.567,18.567,18.567,18.567,18.567,18.567,18.567,18.567,17.933,17.933,17.933,17.933
2020,1,1,209,12.908,12.908,12.908,12.908,12.908,12.908,18.483,18.483,18.483,18.483,18.483,18.483,18.483,18.483,18.483,18.483,18.642,18.642,18.642,18.642
2020,1,1,210,12.95,12.95,12.95,12.95,12.95,12.95,18.4,18.4,18.4,18.4,18.4,18.4,18.4,18.4,18.4,18.4,19.35,19.35,19.35,19.35
2020,1,1,211,12.992,12.992,12.992,12.992,12.992,12.992,18.317,18.317,18.317,18.317,18.317,18.317,18.317,18.317,18.317,18.317,20.058,20.058,20.058,20.058
2020,1,1,212,13.033,13.033,13.033,13.033,13.033,13.033,18.233,18.233,18.233,18.233,18.233,18.233,18.233,18.233,18.233,18.233,20.767,20.767,20.767,20.767
2020,1,1,213,13.075,13.075,13.075,13.075,13.075,13.075,18.15,18.15,18.15,18.15,18.15,18.15,18.15,18.15,18.15,18.15,21.475,21.475,21.475,21.475
2020,1,1,214,13.117,13.117,13.117,13.117,13.117,13.117,18.067,18.067,18.067,18.067,18.067,18.067,18.067,18.067,18.067,18.067,22.183,22.183,22.183,22.183
2020,1,1,215,13.158,13.158,13.158,13.158,13.158,13.158,17.983,17.983,17.983,17.983,17.983,17.983,17.983,17.983,17.983,17.983,22.892,22.892,22.892,22.892
2020,1,1,216,13.2,13.2,13.2,13.2,13.2,13.2,17.9,17.9,17.9,17.9,17.9,17.9,17.9,17.9,17.9,17.9,23.6,23.6,23.6,23.6
2020,1,1,217,12.85,12.85,12.85,12.85,12.85,12.85,17.183,17.183,17.183,17.183,17.183,17.183,17.183,17.183,17.183,17.183,24.392,24.392,24.392,24.392
2020,1,1,218,12.5,12.5,12.5,12.5,12.5,12.5,16.467,16.467,16.467,16.467,16.467,16.467,16.467,16.467,16.467,16.467,25.183,25.183,25.183,25.183
2020,1,1,219,12.15,12.15,12.15,12.15,12.15,12.15,15.75,15.75,15.75,15.75,15.75,15.75,15.75,15.75,15.75,15.75,25.975,25.975,25.975,25.975
2020,1,1,220,11.8,11.8,11.8,11.8,11.8,11.8,15.033,15.033,15.033,15.033,15.033,15.033,15.033,15.033,15.033,15.033,26.767,26.767,26.767,26.767
2020,1,1,221,11.45,11.45,11.45,11.45,11.45,11.45,14.317,14.317,14.317,14.317,14.317,14.317,14.317,14.317,14.317,14.317,27.558,27.558,27.558,27.558
2020,1,1,222,11.1,11.1,11.1,11.1,11.1,11.1,13.6,13.6,13.6,13.6,13.6,13.6,13.6,13.6,13.6,13.6,28.35,28.35,28.35,28.35
2020,1,1,223,10.75,10.75,10.75,10.75,10.75,10.75,12.883,12.883,12.883,12.883,12.883,12.883,12.883,12.883,12.883,12.883,29.142,29.142,29.142,29.142
2020,1,1,224,10.4,10.4,10.4,10.4,10.4,10.4,12.167,12.167,12.167,12.167,12.167,12.167,12.167,12.167,12.167,12.167,29.933,29.933,29.933,29.933
2020,1,1,225,10.05,10.05,10.05,10.05,10.05,10.05,11.45,11.45,11.45,11.45,11.45,11.45,11.45,11.45,11.45,11.45,30.725,30.725,30.725,30.725
2020,1,1,226,9.7,9.7,9.7,9.7,9.7,9.7,10.733,10.733,10.733,10.733,10.733,10.733,10.733,10.733,10.733,10.733,31.517,31.517,31.517,31.517
2020,1,1,227,9.35,9.35,9.35,9.35,9.35,9.35,10.017,10.017,10.017,10.017,10.017,10.017,10.017,10.017,10.017,10.017,32.308,32.308,32.308,32.308
2020,1,1,228,9,9,9,9,9,9,9.3,9.3,9.3,9.3,9.3,9.3,9.3,9.3,9.3,9.3,33.1,33.1,33.1,33.1
2020,1,1,229,8.6,8.6,8.6,8.6,8.6,8.6,9.317,9.317,9.317,9.317,9.317,9.317,9.317,9.317,9.317,9.317,33.542,33.542,33.542,33.542
2020,1,1,230,8.2,8.2,8.2,8.2,8.2,8.2,9.333,9.333,9.333,9.333,9.333,9.333,9.333,9.333,9.333,9.333,33.983,33.983,33.983,33.983
2020,1,1,231,7.8,7.8,7.8,7.8,7.8,7.8,9.35,9.35,9.35,9.35,9.35,9.35,9.35,9.35,9.35,9.35,34.425,34.425,34.425,34.425
2020,1,1,232,7.4,7.4,7.4,7.4,7.4,7.4,9.367,9.367,9.367,9.367,9.367,9.367,9.367,9.367,9.367,9.367,34.867,34.867,34.867,34.867
2020,1,1,233,7,7,7,7,7,7,9.383,9.383,9.383,9.383,9.383,9.383,9.383,9.383,9.383,9.383,35.308,35.308,35.308,35.308
2020,1,1,234,6.6,6.6,6.6,6.6,6.6,6.6,9.4,9.4,9.4,9.4,9.4,9.4,9.4,9.4,9.4,9.4,35.75,35.75,35.75,35.75
2020,1,1,235,6.2,6.2,6.2,6.2,6.2,6.2,9.417,9.417,9.417,9.417,9.417,9.417,9.417,9.417,9.417,9.417,36.192,36.192,36.192,36.192
2020,1,1,236,5.8,5.8,5.8,5.8,5.8,5.8,9.433,9.433,9.433,9.433,9.433,9.433,9.433,9.433,9.433,9.433,36.633,36.633,36.633,36.633
2020,1,1,237,5.4,5.4,5.4,5.4,5.4,5.4,9.45,9.45,9.45,9.45,9.45,9.45,9.45,9.45,9.45,9.45,37.075,37.075,37.075,37.075
2020,1,1,238,5,5,5,5,5,5,9.467,9.467,9.467,9.467,9.467,9.467,9.467,9.467,9.467,9.467,37.517,37.517,37.517,37.517
2020,1,1,239,4.6,4.6,4.6,4.6,4.6,4.6,9.483,9.483,9.483,9.483,9.483,9.483,9.483,9.483,9.483,9.483,37.958,37.958,37.958,37.958
2020,1,1,240,4.2,4.2,4.2,4.2,4.2,4.2,9.5,9.5,9.5,9.5,9.5,9.5,9.5,9.5,9.5,9.5,38.4,38.4,38.4,38.4
2020,1,1,241,4.167,4.167,4.167,4.167,4.167,4.167,9.483,9.483,9.483,9.483,9.483,9.483,9.483,9.483,9.483,9.483,38.6,38.6,38.6,38.6
2020,1,1,242,4.133,4.133,4.133,4.133,4.133,4.133,9.467,9.467,9.467,9.467,9.467,9.467,9.467,9.467,9.467,9.467,38.8,38.8,38.8,38.8
2020,1,1,243,4.1,4.1,4.1,4.1,4.1,4.1,9.45,9.45,9.45,9.45,9.45,9.45,9.45,9.45,9.45,9.45,39,39,39,39
2020,1,1,244,4.067,4.067,4.067,4.067,4.067,4.067,9.433,9.433,9.433,9.433,9.433,9.433,9.433,9.433,9.433,9.433,39.2,39.2,39.2,39.2
2020,1,1,245,4.033,4.033,4.033,4.033,4.033,4.033,9.417,9.417,9.417,9.417,9.417,9.417,9.417,9.417,9.417,9.417,39.4,39.4,39.4,39.4
2020,1,1,246,4,4,4,4,4,4,9.4,9.4,9.4,9.4,9.4,9.4,9.4,9.4,9.4,9.4,39.6,39.6,39.6,39.6
2020,1,1,247,3.967,3.967,3.967,3.967,3.967,3.967,9.383,9.383,9.383,9.383,9.383,9.383,9.383,9.383,9.383,9.383,39.8,39.8,39.8,39.8
2020,1,1,248,3.933,3.933,3.933,3.933,3.933,3.933,9.367,9.367,9.367,9.367,9.367,9.367,9.367,9.367,9.367,9.367,40,40,40,40
2020,1,1,249,3.9,3.9,3.9,3.9,3.9,3.9,9.35,9.35,9.35,9.35,9.35,9.35,9.35,9.35,9.35,9.35,40.2,40.2,40.2,40.2
2020,1,1,250,3.867,3.867,3.867,3.867,3.867,3.867,9.333,9.333,9.333,9.333,9.333,9.333,9.333,9.333,9.333,9.333,40.4,40.4,40.4,40.4
2020,1,1,251,3.833,3.833,3.833,3.833,3.833,3.833,9.317,9.317,9.317,9.317,9.317,9.317,9.317,9.317,9.317,9.317,40.6,40.6,40.6,40.6
2020,1,1,252,3.8,3.8,3.8,3.8,3.8,3.8,9.3,9.3,9.3,9.3,9.3,9.3,9.3,9.3,9.3,9.3,40.8,40.8,40.8,40.8
2020,1,1,253,3.8,3.8,3.8,3.8,3.8,3.8,9.3,9.3,9.3,9.3,9.3,9.3,9.3,9.3,9.3,9.3,40.517,40.517,40.517,40.517
2020,1,1,254,3.8,3.8,3.8,3.8,3.8,3.8,9.3,9.3,9.3,9.3,9.3,9.3,9.3,9.3,9.3,9.3,40.233,40.233,40.233,40.233
2020,1,1,255,3.8,3.8,3.8,3.8,3.8,3.8,9.3,9.3,9.3,9.3,9.3,9.3,9.3,9.3,9.3,9.3,39.95,39.95,39.95,39.95
2020,1,1,256,3.8,3.8,3.8,3.8,3.8,3.8,9.3,9.3,9.3,9.3,9.3,9.3,9.3,9.3,9.3,9.3,39.667,39.667,39.667,39.667
2020,1,1,257,3.8,3.8,3.8,3.8,3.8,3.8,9.3,9.3,9.3,9.3,9.3,9.3,9.3,9.3,9.3,9.3,39.383,39.383,39.383,39.383
2020,1,1,258,3.8,3.8,3.8,3.8,3.8,3.8,9.3,9.3,9.3,9.3,9.3,9.3,9.3,9.3,9.3,9.3,39.1,39.1,39.1,39.1
2020,1,1,259,3.8,3.8,3.8,3.8,3.8,3.8,9.3,9.3,9.3,9.3,9.3,9.3,9.3,9.3,9.3,9.3,38.817,38.817,38.817,38.817
2020,1,1,260,3.8,3.8,3.8,3.8,3.8,3.8,9.3,9.3,9.3,9.3,9.3,9.3,9.3,9.3,9.3,9.3,38.533,38.533,38.533,38.533
2020,1,1,261,3.8,3.8,3.8,3.8,3.8,3.8,9.3,9.3,9.3,9.3,9.3,9.3,9.3,9.3,9.3,9.3,38.25,38.25,38.25,38.25
2020,1,1,262,3.8,3.8,3.8,3.8,3.8,3.8,9.3,9.3,9.3,9.3,9.3,9.3,9.3,9.3,9.3,9.3,37.967,37.967,37.967,37.967
2020,1,1,263,3.8,3.8,3.8,3.8,3.8,3.8,9.3,9.3,9.3,9.3,9.3,9.3,9.3,9.3,9.3,9.3,37.683,37.683,37.683,37.683
2020,1,1,264,3.8,3.8,3.8,3.8,3.8,3.8,9.3,9.3,9.3,9.3,9.3,9.3,9.3,9.3,9.3,9.3,37.4,37.4,37.4,37.4
2020,1,1,265,3.8,3.8,3.8,3.8,3.8,3.8,9.283,9.283,9.283,9.283,9.283,9.283,9.283,9.283,9.283,9.283,37.7,37.7,37.7,37.7
2020,1,1,266,3.8,3.8,3.8,3.8,3.8,3.8,9.267,9.267,9.267,9.267,9.267,9.267,9.267,9.267,9.267,9.267,38,38,38,38
2020,1,1,267,3.8,3.8,3.8,3.8,3.8,3.8,9.25,9.25,9.25,9.25,9.25,9.25,9.25,9.25,9.25,9.25,38.3,38.3,38.3,38.3
2020,1,1,268,3.8,3.8,3.8,3.8,3.8,3.8,9.233,9.233,9.233,9.233,9.233,9.233,9.233,9.233,9.233,9.233,38.6,38.6,38.6,38.6
2020,1,1,269,3.8,3.8,3.8,3.8,3.8,3.8,9.217,9.217,9.217,9.217,9.217,9.217,9.217,9.217,9.217,9.217,38.9,38.9,38.9,38.9
2020,1,1,270,3.8,3.8,3.8,3.8,3.8,3.8,9.2,9.2,9.2,9.2,9.2,9.2,9.2,9.2,9.2,9.2,39.2,39.2,39.2,39.2
2020,1,1,271,3.8,3.8,3.8,3.8,3.8,3.8,9.183,9.183,9.183,9.183,9.183,9.183,9.183,9.183,9.183,9.183,39.5,39.5,39.5,39.5
2020,1,1,272,3.8,3.8,3.8,3.8,3.8,3.8,9.167,9.167,9.167,9.167,9.167,9.167,9.167,9.167,9.167,9.167,39.8,39.8,39.8,39.8
2020,1,1,273,3.8,3.8,3.8,3.8,3.8,3.8,9.15,9.15,9.15,9.15,9.15,9.15,9.15,9.15,9.15,9.15,40.1,40.1,40.1,40.1
2020,1,1,274,3.8,3.8,3.8,3.8,3.8,3.8,9.133,9.133,9.133,9.133,9.133,9.133,9.133,9.133,9.133,9.133,40.4,40.4,40.4,40.4
2020,1,1,275,3.8,3.8,3.8,3.8,3.8,3.8,9.117,9.117,9.117,9.117,9.117,9.117,9.117,9.117,9.117,9.117,40.7,40.7,40.7,40.7
2020,1,1,276,3.8,3.8,3.8,3.8,3.8,3.8,9.1,9.1,9.1,9.1,9.1,9.1,9.1,9.1,9.1,9.1,41,41,41,41
2020,1,1,277,3.8,3.8,3.8,3.8,3.8,3.8,9.117,9.117,9.117,9.117,9.117,9.117,9.117,9.117,9.117,9.117,38.417,38.417,38.417,38.417
2020,1,1,278,3.8,3.8,3.8,3.8,3.8,3.8,9.133,9.133,9.133,9.133,9.133,9.133,9.133,9.133,9.133,9.133,35.833,35.833,35.833,35.833
2020,1,1,279,3.8,3.8,3.8,3.8,3.8,3.8,9.15,9.15,9.15,9.15,9.15,9.15,9.15,9.15,9.15,9.15,33.25,33.25,33.25,33.25
2020,1,1,280,3.8,3.8,3.8,3.8,3.8,3.8,9.167,9.167,9.167,9.167,9.167,9.167,9.167,9.167,9.167,9.167,30.667,30.667,30.667,30.667
2020,1,1,281,3.8,3.8,3.8,3.8,3.8,3.8,9.183,9.183,9.183,9.183,9.183,9.183,9.183,9.183,9.183,9.183,28.083,28.083,28.083,28.083
2020,1,1,282,3.8,3.8,3.8,3.8,3.8,3.8,9.2,9.2,9.2,9.2,9.2,9.2,9.2,9.2,9.2,9.2,25.5,25.5,25.5,25.5
2020,1,1,283,3.8,3.8,3.8,3.8,3.8,3.8,9.217,9.217,9.217,9.217,9.217,9.217,9.217,9.217,9.217,9.217,22.917,22.917,22.917,22.917
2020,1,1,284,3.8,3.8,3.8,3.8,3.8,3.8,9.233,9.233,9.233,9.233,9.233,9.233,9.233,9.233,9.233,9.233,20.333,20.333,20.333,20.333
2020,1,1,285,3.8,3.8,3.8,3.8,3.8,3.8,9.25,9.25,9.25,9.25,9.25,9.25,9.25,9.25,9.25,9.25,17.75,17.75,17.75,17.75
2020,1,1,286,3.8,3.8,3.8,3.8,3.8,3.8,9.267,9.267,9.267,9.267,9.267,9.267,9.267,9.267,9.267,9.267,15.167,15.167,15.167,15.167
2020,1,1,287,3.8,3.8,3.8,3.8,3.8,3.8,9.283,9.283,9.283,9.283,9.283,9.283,9.283,9.283,9.283,9.283,12.583,12.583,12.583,12.583
2020,1,1,288,3.8,3.8,3.8,3.8,3.8,3.8,9.3,9.3,9.3,9.3,9.3,9.3,9.3,9.3,9.3,9.3,10,10,10,10
