DateTime,HydroDispatch1,HydroDispatch3
2020-01-01T00:00:00.0,0.1,0.1
2020-01-01T00:05:00.0,0.1,0.1
2020-01-01T00:10:00.0,0.1,0.1
2020-01-01T00:15:00.0,0.1,0.1
2020-01-01T00:20:00.0,0.1,0.1
2020-01-01T00:25:00.0,0.1,0.1
2020-01-01T00:30:00.0,0.1,0.1
2020-01-01T00:35:00.0,0.1,0.1
2020-01-01T00:40:00.0,0.1,0.1
2020-01-01T00:45:00.0,0.1,0.1
2020-01-01T00:50:00.0,0.1,0.1
2020-01-01T00:55:00.0,0.1,0.1
2020-01-01T01:00:00.0,0.1,0.1
2020-01-01T01:05:00.0,0.1,0.1
2020-01-01T01:10:00.0,0.1,0.1
2020-01-01T01:15:00.0,0.1,0.1
2020-01-01T01:20:00.0,0.1,0.1
2020-01-01T01:25:00.0,0.1,0.1
2020-01-01T01:30:00.0,0.1,0.1
2020-01-01T01:35:00.0,0.1,0.1
2020-01-01T01:40:00.0,0.1,0.1
2020-01-01T01:45:00.0,0.1,0.1
2020-01-01T01:50:00.0,0.1,0.1
2020-01-01T01:55:00.0,0.1,0.1
2020-01-01T02:00:00.0,0.1,0.1
2020-01-01T02:05:00.0,0.1,0.1
2020-01-01T02:10:00.0,0.1,0.1
2020-01-01T02:15:00.0,0.1,0.1
2020-01-01T02:20:00.0,0.1,0.1
2020-01-01T02:25:00.0,0.1,0.1
2020-01-01T02:30:00.0,0.1,0.1
2020-01-01T02:35:00.0,0.1,0.1
2020-01-01T02:40:00.0,0.1,0.1
2020-01-01T02:45:00.0,0.1,0.1
2020-01-01T02:50:00.0,0.1,0.1
2020-01-01T02:55:00.0,0.1,0.1
2020-01-01T03:00:00.0,0.1,0.1
2020-01-01T03:05:00.0,0.1,0.1
2020-01-01T03:10:00.0,0.1,0.1
2020-01-01T03:15:00.0,0.1,0.1
2020-01-01T03:20:00.0,0.1,0.1
2020-01-01T03:25:00.0,0.1,0.1
2020-01-01T03:30:00.0,0.1,0.1
2020-01-01T03:35:00.0,0.1,0.1
2020-01-01T03:40:00.0,0.1,0.1
2020-01-01T03:45:00.0,0.1,0.1
2020-01-01T03:50:00.0,0.1,0.1
2020-01-01T03:55:00.0,0.1,0.1
2020-01-01T04:00:00.0,0.1,0.1
2020-01-01T04:05:00.0,0.1,0.1
2020-01-01T04:10:00.0,0.1,0.1
2020-01-01T04:15:00.0,0.1,0.1
2020-01-01T04:20:00.0,0.1,0.1
2020-01-01T04:25:00.0,0.1,0.1
2020-01-01T04:30:00.0,0.1,0.1
2020-01-01T04:35:00.0,0.1,0.1
2020-01-01T04:40:00.0,0.1,0.1
2020-01-01T04:45:00.0,0.1,0.1
2020-01-01T04:50:00.0,0.1,0.1
2020-01-01T04:55:00.0,0.1,0.1
2020-01-01T05:00:00.0,0.1,0.1
2020-01-01T05:05:00.0,0.1,0.1
2020-01-01T05:10:00.0,0.1,0.1
2020-01-01T05:15:00.0,0.1,0.1
2020-01-01T05:20:00.0,0.1,0.1
2020-01-01T05:25:00.0,0.1,0.1
2020-01-01T05:30:00.0,0.1,0.1
2020-01-01T05:35:00.0,0.1,0.1
2020-01-01T05:40:00.0,0.1,0.1
2020-01-01T05:45:00.0,0.1,0.1
2020-01-01T05:50:00.0,0.1,0.1
2020-01-01T05:55:00.0,0.1,0.1
2020-01-01T06:00:00.0,0.1,0.1
2020-01-01T06:05:00.0,0.1,0.1
2020-01-01T06:10:00.0,0.1,0.1
2020-01-01T06:15:00.0,0.1,0.1
2020-01-01T06:20:00.0,0.1,0.1
2020-01-01T06:25:00.0,0.1,0.1
2020-01-01T06:30:00.0,0.1,0.1
2020-01-01T06:35:00.0,0.1,0.1
2020-01-01T06:40:00.0,0.1,0.1
2020-01-01T06:45:00.0,0.1,0.1
2020-01-01T06:50:00.0,0.1,0.1
2020-01-01T06:55:00.0,0.1,0.1
2020-01-01T07:00:00.0,0.1,0.1
2020-01-01T07:05:00.0,0.1,0.1
2020-01-01T07:10:00.0,0.1,0.1
2020-01-01T07:15:00.0,0.1,0.1
2020-01-01T07:20:00.0,0.1,0.1
2020-01-01T07:25:00.0,0.1,0.1
2020-01-01T07:30:00.0,0.1,0.1
2020-01-01T07:35:00.0,0.1,0.1
2020-01-01T07:40:00.0,0.1,0.1
2020-01-01T07:45:00.0,0.1,0.1
2020-01-01T07:50:00.0,0.1,0.1
2020-01-01T07:55:00.0,0.1,0.1
2020-01-01T08:00:00.0,0.1,0.1
2020-01-01T08:05:00.0,0.1,0.1
2020-01-01T08:10:00.0,0.1,0.1
2020-01-01T08:15:00.0,0.1,0.1
2020-01-01T08:20:00.0,0.1,0.1
2020-01-01T08:25:00.0,0.1,0.1
2020-01-01T08:30:00.0,0.1,0.1
2020-01-01T08:35:00.0,0.1,0.1
2020-01-01T08:40:00.0,0.1,0.1
2020-01-01T08:45:00.0,0.1,0.1
2020-01-01T08:50:00.0,0.1,0.1
2020-01-01T08:55:00.0,0.1,0.1
2020-01-01T09:00:00.0,0.1,0.1
2020-01-01T09:05:00.0,0.1,0.1
2020-01-01T09:10:00.0,0.1,0.1
2020-01-01T09:15:00.0,0.1,0.1
2020-01-01T09:20:00.0,0.1,0.1
2020-01-01T09:25:00.0,0.1,0.1
2020-01-01T09:30:00.0,0.1,0.1
2020-01-01T09:35:00.0,0.1,0.1
2020-01-01T09:40:00.0,0.1,0.1
2020-01-01T09:45:00.0,0.1,0.1
2020-01-01T09:50:00.0,0.1,0.1
2020-01-01T09:55:00.0,0.1,0.1
2020-01-01T10:00:00.0,0.1,0.1
2020-01-01T10:05:00.0,0.1,0.1
2020-01-01T10:10:00.0,0.1,0.1
2020-01-01T10:15:00.0,0.1,0.1
2020-01-01T10:20:00.0,0.1,0.1
2020-01-01T10:25:00.0,0.1,0.1
2020-01-01T10:30:00.0,0.1,0.1
2020-01-01T10:35:00.0,0.1,0.1
2020-01-01T10:40:00.0,0.1,0.1
2020-01-01T10:45:00.0,0.1,0.1
2020-01-01T10:50:00.0,0.1,0.1
2020-01-01T10:55:00.0,0.1,0.1
2020-01-01T11:00:00.0,0.1,0.1
2020-01-01T11:05:00.0,0.1,0.1
2020-01-01T11:10:00.0,0.1,0.1
2020-01-01T11:15:00.0,0.1,0.1
2020-01-01T11:20:00.0,0.1,0.1
2020-01-01T11:25:00.0,0.1,0.1
2020-01-01T11:30:00.0,0.1,0.1
2020-01-01T11:35:00.0,0.1,0.1
2020-01-01T11:40:00.0,0.1,0.1
2020-01-01T11:45:00.0,0.1,0.1
2020-01-01T11:50:00.0,0.1,0.1
2020-01-01T11:55:00.0,0.1,0.1
2020-01-01T12:00:00.0,0.1,0.1
2020-01-01T12:05:00.0,0.1,0.1
2020-01-01T12:10:00.0,0.1,0.1
2020-01-01T12:15:00.0,0.1,0.1
2020-01-01T12:20:00.0,0.1,0.1
2020-01-01T12:25:00.0,0.1,0.1
2020-01-01T12:30:00.0,0.1,0.1
2020-01-01T12:35:00.0,0.1,0.1
2020-01-01T12:40:00.0,0.1,0.1
2020-01-01T12:45:00.0,0.1,0.1
2020-01-01T12:50:00.0,0.1,0.1
2020-01-01T12:55:00.0,0.1,0.1
2020-01-01T13:00:00.0,0.1,0.1
2020-01-01T13:05:00.0,0.1,0.1
2020-01-01T13:10:00.0,0.1,0.1
2020-01-01T13:15:00.0,0.1,0.1
2020-01-01T13:20:00.0,0.1,0.1
2020-01-01T13:25:00.0,0.1,0.1
2020-01-01T13:30:00.0,0.1,0.1
2020-01-01T13:35:00.0,0.1,0.1
2020-01-01T13:40:00.0,0.1,0.1
2020-01-01T13:45:00.0,0.1,0.1
2020-01-01T13:50:00.0,0.1,0.1
2020-01-01T13:55:00.0,0.1,0.1
2020-01-01T14:00:00.0,0.1,0.1
2020-01-01T14:05:00.0,0.1,0.1
2020-01-01T14:10:00.0,0.1,0.1
2020-01-01T14:15:00.0,0.1,0.1
2020-01-01T14:20:00.0,0.1,0.1
2020-01-01T14:25:00.0,0.1,0.1
2020-01-01T14:30:00.0,0.1,0.1
2020-01-01T14:35:00.0,0.1,0.1
2020-01-01T14:40:00.0,0.1,0.1
2020-01-01T14:45:00.0,0.1,0.1
2020-01-01T14:50:00.0,0.1,0.1
2020-01-01T14:55:00.0,0.1,0.1
2020-01-01T15:00:00.0,0.1,0.1
2020-01-01T15:05:00.0,0.1,0.1
2020-01-01T15:10:00.0,0.1,0.1
2020-01-01T15:15:00.0,0.1,0.1
2020-01-01T15:20:00.0,0.1,0.1
2020-01-01T15:25:00.0,0.1,0.1
2020-01-01T15:30:00.0,0.1,0.1
2020-01-01T15:35:00.0,0.1,0.1
2020-01-01T15:40:00.0,0.1,0.1
2020-01-01T15:45:00.0,0.1,0.1
2020-01-01T15:50:00.0,0.1,0.1
2020-01-01T15:55:00.0,0.1,0.1
2020-01-01T16:00:00.0,0.1,0.1
2020-01-01T16:05:00.0,0.1,0.1
2020-01-01T16:10:00.0,0.1,0.1
2020-01-01T16:15:00.0,0.1,0.1
2020-01-01T16:20:00.0,0.1,0.1
2020-01-01T16:25:00.0,0.1,0.1
2020-01-01T16:30:00.0,0.1,0.1
2020-01-01T16:35:00.0,0.1,0.1
2020-01-01T16:40:00.0,0.1,0.1
2020-01-01T16:45:00.0,0.1,0.1
2020-01-01T16:50:00.0,0.1,0.1
2020-01-01T16:55:00.0,0.1,0.1
2020-01-01T17:00:00.0,0.1,0.1
2020-01-01T17:05:00.0,0.1,0.1
2020-01-01T17:10:00.0,0.1,0.1
2020-01-01T17:15:00.0,0.1,0.1
2020-01-01T17:20:00.0,0.1,0.1
2020-01-01T17:25:00.0,0.1,0.1
2020-01-01T17:30:00.0,0.1,0.1
2020-01-01T17:35:00.0,0.1,0.1
2020-01-01T17:40:00.0,0.1,0.1
2020-01-01T17:45:00.0,0.1,0.1
2020-01-01T17:50:00.0,0.1,0.1
2020-01-01T17:55:00.0,0.1,0.1
2020-01-01T18:00:00.0,0.1,0.1
2020-01-01T18:05:00.0,0.1,0.1
2020-01-01T18:10:00.0,0.1,0.1
2020-01-01T18:15:00.0,0.1,0.1
2020-01-01T18:20:00.0,0.1,0.1
2020-01-01T18:25:00.0,0.1,0.1
2020-01-01T18:30:00.0,0.1,0.1
2020-01-01T18:35:00.0,0.1,0.1
2020-01-01T18:40:00.0,0.1,0.1
2020-01-01T18:45:00.0,0.1,0.1
2020-01-01T18:50:00.0,0.1,0.1
2020-01-01T18:55:00.0,0.1,0.1
2020-01-01T19:00:00.0,0.1,0.1
2020-01-01T19:05:00.0,0.1,0.1
2020-01-01T19:10:00.0,0.1,0.1
2020-01-01T19:15:00.0,0.1,0.1
2020-01-01T19:20:00.0,0.1,0.1
2020-01-01T19:25:00.0,0.1,0.1
2020-01-01T19:30:00.0,0.1,0.1
2020-01-01T19:35:00.0,0.1,0.1
2020-01-01T19:40:00.0,0.1,0.1
2020-01-01T19:45:00.0,0.1,0.1
2020-01-01T19:50:00.0,0.1,0.1
2020-01-01T19:55:00.0,0.1,0.1
2020-01-01T20:00:00.0,0.1,0.1
2020-01-01T20:05:00.0,0.1,0.1
2020-01-01T20:10:00.0,0.1,0.1
2020-01-01T20:15:00.0,0.1,0.1
2020-01-01T20:20:00.0,0.1,0.1
2020-01-01T20:25:00.0,0.1,0.1
2020-01-01T20:30:00.0,0.1,0.1
2020-01-01T20:35:00.0,0.1,0.1
2020-01-01T20:40:00.0,0.1,0.1
2020-01-01T20:45:00.0,0.1,0.1
2020-01-01T20:50:00.0,0.1,0.1
2020-01-01T20:55:00.0,0.1,0.1
2020-01-01T21:00:00.0,0.1,0.1
2020-01-01T21:05:00.0,0.1,0.1
2020-01-01T21:10:00.0,0.1,0.1
2020-01-01T21:15:00.0,0.1,0.1
2020-01-01T21:20:00.0,0.1,0.1
2020-01-01T21:25:00.0,0.1,0.1
2020-01-01T21:30:00.0,0.1,0.1
2020-01-01T21:35:00.0,0.1,0.1
2020-01-01T21:40:00.0,0.1,0.1
2020-01-01T21:45:00.0,0.1,0.1
2020-01-01T21:50:00.0,0.1,0.1
2020-01-01T21:55:00.0,0.1,0.1
2020-01-01T22:00:00.0,0.1,0.1
2020-01-01T22:05:00.0,0.1,0.1
2020-01-01T22:10:00.0,0.1,0.1
2020-01-01T22:15:00.0,0.1,0.1
2020-01-01T22:20:00.0,0.1,0.1
2020-01-01T22:25:00.0,0.1,0.1
2020-01-01T22:30:00.0,0.1,0.1
2020-01-01T22:35:00.0,0.1,0.1
2020-01-01T22:40:00.0,0.1,0.1
2020-01-01T22:45:00.0,0.1,0.1
2020-01-01T22:50:00.0,0.1,0.1
2020-01-01T22:55:00.0,0.1,0.1
2020-01-01T23:00:00.0,0.1,0.1
2020-01-01T23:05:00.0,0.1,0.1
2020-01-01T23:10:00.0,0.1,0.1
2020-01-01T23:15:00.0,0.1,0.1
2020-01-01T23:20:00.0,0.1,0.1
2020-01-01T23:25:00.0,0.1,0.1
2020-01-01T23:30:00.0,0.1,0.1
2020-01-01T23:35:00.0,0.1,0.1
2020-01-01T23:40:00.0,0.1,0.1
2020-01-01T23:45:00.0,0.1,0.1
2020-01-01T23:50:00.0,0.1,0.1
2020-01-01T23:55:00.0,0.1,0.1
2020-01-02T00:00:00.0,0.1,0.1
2020-01-02T00:05:00.0,0.1,0.1
2020-01-02T00:10:00.0,0.1,0.1
2020-01-02T00:15:00.0,0.1,0.1
2020-01-02T00:20:00.0,0.1,0.1
2020-01-02T00:25:00.0,0.1,0.1
2020-01-02T00:30:00.0,0.1,0.1
2020-01-02T00:35:00.0,0.1,0.1
2020-01-02T00:40:00.0,0.1,0.1
2020-01-02T00:45:00.0,0.1,0.1
2020-01-02T00:50:00.0,0.1,0.1
2020-01-02T00:55:00.0,0.1,0.1
2020-01-02T01:00:00.0,0.1,0.1
2020-01-02T01:05:00.0,0.1,0.1
2020-01-02T01:10:00.0,0.1,0.1
2020-01-02T01:15:00.0,0.1,0.1
2020-01-02T01:20:00.0,0.1,0.1
2020-01-02T01:25:00.0,0.1,0.1
2020-01-02T01:30:00.0,0.1,0.1
2020-01-02T01:35:00.0,0.1,0.1
2020-01-02T01:40:00.0,0.1,0.1
2020-01-02T01:45:00.0,0.1,0.1
2020-01-02T01:50:00.0,0.1,0.1
2020-01-02T01:55:00.0,0.1,0.1
2020-01-02T02:00:00.0,0.1,0.1
2020-01-02T02:05:00.0,0.1,0.1
2020-01-02T02:10:00.0,0.1,0.1
2020-01-02T02:15:00.0,0.1,0.1
2020-01-02T02:20:00.0,0.1,0.1
2020-01-02T02:25:00.0,0.1,0.1
2020-01-02T02:30:00.0,0.1,0.1
2020-01-02T02:35:00.0,0.1,0.1
2020-01-02T02:40:00.0,0.1,0.1
2020-01-02T02:45:00.0,0.1,0.1
2020-01-02T02:50:00.0,0.1,0.1
2020-01-02T02:55:00.0,0.1,0.1
2020-01-02T03:00:00.0,0.1,0.1
2020-01-02T03:05:00.0,0.1,0.1
2020-01-02T03:10:00.0,0.1,0.1
2020-01-02T03:15:00.0,0.1,0.1
2020-01-02T03:20:00.0,0.1,0.1
2020-01-02T03:25:00.0,0.1,0.1
2020-01-02T03:30:00.0,0.1,0.1
2020-01-02T03:35:00.0,0.1,0.1
2020-01-02T03:40:00.0,0.1,0.1
2020-01-02T03:45:00.0,0.1,0.1
2020-01-02T03:50:00.0,0.1,0.1
2020-01-02T03:55:00.0,0.1,0.1
2020-01-02T04:00:00.0,0.1,0.1
2020-01-02T04:05:00.0,0.1,0.1
2020-01-02T04:10:00.0,0.1,0.1
2020-01-02T04:15:00.0,0.1,0.1
2020-01-02T04:20:00.0,0.1,0.1
2020-01-02T04:25:00.0,0.1,0.1
2020-01-02T04:30:00.0,0.1,0.1
2020-01-02T04:35:00.0,0.1,0.1
2020-01-02T04:40:00.0,0.1,0.1
2020-01-02T04:45:00.0,0.1,0.1
2020-01-02T04:50:00.0,0.1,0.1
2020-01-02T04:55:00.0,0.1,0.1
2020-01-02T05:00:00.0,0.1,0.1
2020-01-02T05:05:00.0,0.1,0.1
2020-01-02T05:10:00.0,0.1,0.1
2020-01-02T05:15:00.0,0.1,0.1
2020-01-02T05:20:00.0,0.1,0.1
2020-01-02T05:25:00.0,0.1,0.1
2020-01-02T05:30:00.0,0.1,0.1
2020-01-02T05:35:00.0,0.1,0.1
2020-01-02T05:40:00.0,0.1,0.1
2020-01-02T05:45:00.0,0.1,0.1
2020-01-02T05:50:00.0,0.1,0.1
2020-01-02T05:55:00.0,0.1,0.1
2020-01-02T06:00:00.0,0.1,0.1
2020-01-02T06:05:00.0,0.1,0.1
2020-01-02T06:10:00.0,0.1,0.1
2020-01-02T06:15:00.0,0.1,0.1
2020-01-02T06:20:00.0,0.1,0.1
2020-01-02T06:25:00.0,0.1,0.1
2020-01-02T06:30:00.0,0.1,0.1
2020-01-02T06:35:00.0,0.1,0.1
2020-01-02T06:40:00.0,0.1,0.1
2020-01-02T06:45:00.0,0.1,0.1
2020-01-02T06:50:00.0,0.1,0.1
2020-01-02T06:55:00.0,0.1,0.1
2020-01-02T07:00:00.0,0.1,0.1
2020-01-02T07:05:00.0,0.1,0.1
2020-01-02T07:10:00.0,0.1,0.1
2020-01-02T07:15:00.0,0.1,0.1
2020-01-02T07:20:00.0,0.1,0.1
2020-01-02T07:25:00.0,0.1,0.1
2020-01-02T07:30:00.0,0.1,0.1
2020-01-02T07:35:00.0,0.1,0.1
2020-01-02T07:40:00.0,0.1,0.1
2020-01-02T07:45:00.0,0.1,0.1
2020-01-02T07:50:00.0,0.1,0.1
2020-01-02T07:55:00.0,0.1,0.1
2020-01-02T08:00:00.0,0.1,0.1
2020-01-02T08:05:00.0,0.1,0.1
2020-01-02T08:10:00.0,0.1,0.1
2020-01-02T08:15:00.0,0.1,0.1
2020-01-02T08:20:00.0,0.1,0.1
2020-01-02T08:25:00.0,0.1,0.1
2020-01-02T08:30:00.0,0.1,0.1
2020-01-02T08:35:00.0,0.1,0.1
2020-01-02T08:40:00.0,0.1,0.1
2020-01-02T08:45:00.0,0.1,0.1
2020-01-02T08:50:00.0,0.1,0.1
2020-01-02T08:55:00.0,0.1,0.1
2020-01-02T09:00:00.0,0.1,0.1
2020-01-02T09:05:00.0,0.1,0.1
2020-01-02T09:10:00.0,0.1,0.1
2020-01-02T09:15:00.0,0.1,0.1
2020-01-02T09:20:00.0,0.1,0.1
2020-01-02T09:25:00.0,0.1,0.1
2020-01-02T09:30:00.0,0.1,0.1
2020-01-02T09:35:00.0,0.1,0.1
2020-01-02T09:40:00.0,0.1,0.1
2020-01-02T09:45:00.0,0.1,0.1
2020-01-02T09:50:00.0,0.1,0.1
2020-01-02T09:55:00.0,0.1,0.1
2020-01-02T10:00:00.0,0.1,0.1
2020-01-02T10:05:00.0,0.1,0.1
2020-01-02T10:10:00.0,0.1,0.1
2020-01-02T10:15:00.0,0.1,0.1
2020-01-02T10:20:00.0,0.1,0.1
2020-01-02T10:25:00.0,0.1,0.1
2020-01-02T10:30:00.0,0.1,0.1
2020-01-02T10:35:00.0,0.1,0.1
2020-01-02T10:40:00.0,0.1,0.1
2020-01-02T10:45:00.0,0.1,0.1
2020-01-02T10:50:00.0,0.1,0.1
2020-01-02T10:55:00.0,0.1,0.1
2020-01-02T11:00:00.0,0.1,0.1
2020-01-02T11:05:00.0,0.1,0.1
2020-01-02T11:10:00.0,0.1,0.1
2020-01-02T11:15:00.0,0.1,0.1
2020-01-02T11:20:00.0,0.1,0.1
2020-01-02T11:25:00.0,0.1,0.1
2020-01-02T11:30:00.0,0.1,0.1
2020-01-02T11:35:00.0,0.1,0.1
2020-01-02T11:40:00.0,0.1,0.1
2020-01-02T11:45:00.0,0.1,0.1
2020-01-02T11:50:00.0,0.1,0.1
2020-01-02T11:55:00.0,0.1,0.1
2020-01-02T12:00:00.0,0.1,0.1
2020-01-02T12:05:00.0,0.1,0.1
2020-01-02T12:10:00.0,0.1,0.1
2020-01-02T12:15:00.0,0.1,0.1
2020-01-02T12:20:00.0,0.1,0.1
2020-01-02T12:25:00.0,0.1,0.1
2020-01-02T12:30:00.0,0.1,0.1
2020-01-02T12:35:00.0,0.1,0.1
2020-01-02T12:40:00.0,0.1,0.1
2020-01-02T12:45:00.0,0.1,0.1
2020-01-02T12:50:00.0,0.1,0.1
2020-01-02T12:55:00.0,0.1,0.1
2020-01-02T13:00:00.0,0.1,0.1
2020-01-02T13:05:00.0,0.1,0.1
2020-01-02T13:10:00.0,0.1,0.1
2020-01-02T13:15:00.0,0.1,0.1
2020-01-02T13:20:00.0,0.1,0.1
2020-01-02T13:25:00.0,0.1,0.1
2020-01-02T13:30:00.0,0.1,0.1
2020-01-02T13:35:00.0,0.1,0.1
2020-01-02T13:40:00.0,0.1,0.1
2020-01-02T13:45:00.0,0.1,0.1
2020-01-02T13:50:00.0,0.1,0.1
2020-01-02T13:55:00.0,0.1,0.1
2020-01-02T14:00:00.0,0.1,0.1
2020-01-02T14:05:00.0,0.1,0.1
2020-01-02T14:10:00.0,0.1,0.1
2020-01-02T14:15:00.0,0.1,0.1
2020-01-02T14:20:00.0,0.1,0.1
2020-01-02T14:25:00.0,0.1,0.1
2020-01-02T14:30:00.0,0.1,0.1
2020-01-02T14:35:00.0,0.1,0.1
2020-01-02T14:40:00.0,0.1,0.1
2020-01-02T14:45:00.0,0.1,0.1
2020-01-02T14:50:00.0,0.1,0.1
2020-01-02T14:55:00.0,0.1,0.1
2020-01-02T15:00:00.0,0.1,0.1
2020-01-02T15:05:00.0,0.1,0.1
2020-01-02T15:10:00.0,0.1,0.1
2020-01-02T15:15:00.0,0.1,0.1
2020-01-02T15:20:00.0,0.1,0.1
2020-01-02T15:25:00.0,0.1,0.1
2020-01-02T15:30:00.0,0.1,0.1
2020-01-02T15:35:00.0,0.1,0.1
2020-01-02T15:40:00.0,0.1,0.1
2020-01-02T15:45:00.0,0.1,0.1
2020-01-02T15:50:00.0,0.1,0.1
2020-01-02T15:55:00.0,0.1,0.1
2020-01-02T16:00:00.0,0.1,0.1
2020-01-02T16:05:00.0,0.1,0.1
2020-01-02T16:10:00.0,0.1,0.1
2020-01-02T16:15:00.0,0.1,0.1
2020-01-02T16:20:00.0,0.1,0.1
2020-01-02T16:25:00.0,0.1,0.1
2020-01-02T16:30:00.0,0.1,0.1
2020-01-02T16:35:00.0,0.1,0.1
2020-01-02T16:40:00.0,0.1,0.1
2020-01-02T16:45:00.0,0.1,0.1
2020-01-02T16:50:00.0,0.1,0.1
2020-01-02T16:55:00.0,0.1,0.1
2020-01-02T17:00:00.0,0.1,0.1
2020-01-02T17:05:00.0,0.1,0.1
2020-01-02T17:10:00.0,0.1,0.1
2020-01-02T17:15:00.0,0.1,0.1
2020-01-02T17:20:00.0,0.1,0.1
2020-01-02T17:25:00.0,0.1,0.1
2020-01-02T17:30:00.0,0.1,0.1
2020-01-02T17:35:00.0,0.1,0.1
2020-01-02T17:40:00.0,0.1,0.1
2020-01-02T17:45:00.0,0.1,0.1
2020-01-02T17:50:00.0,0.1,0.1
2020-01-02T17:55:00.0,0.1,0.1
2020-01-02T18:00:00.0,0.1,0.1
2020-01-02T18:05:00.0,0.1,0.1
2020-01-02T18:10:00.0,0.1,0.1
2020-01-02T18:15:00.0,0.1,0.1
2020-01-02T18:20:00.0,0.1,0.1
2020-01-02T18:25:00.0,0.1,0.1
2020-01-02T18:30:00.0,0.1,0.1
2020-01-02T18:35:00.0,0.1,0.1
2020-01-02T18:40:00.0,0.1,0.1
2020-01-02T18:45:00.0,0.1,0.1
2020-01-02T18:50:00.0,0.1,0.1
2020-01-02T18:55:00.0,0.1,0.1
2020-01-02T19:00:00.0,0.1,0.1
2020-01-02T19:05:00.0,0.1,0.1
2020-01-02T19:10:00.0,0.1,0.1
2020-01-02T19:15:00.0,0.1,0.1
2020-01-02T19:20:00.0,0.1,0.1
2020-01-02T19:25:00.0,0.1,0.1
2020-01-02T19:30:00.0,0.1,0.1
2020-01-02T19:35:00.0,0.1,0.1
2020-01-02T19:40:00.0,0.1,0.1
2020-01-02T19:45:00.0,0.1,0.1
2020-01-02T19:50:00.0,0.1,0.1
2020-01-02T19:55:00.0,0.1,0.1
2020-01-02T20:00:00.0,0.1,0.1
2020-01-02T20:05:00.0,0.1,0.1
2020-01-02T20:10:00.0,0.1,0.1
2020-01-02T20:15:00.0,0.1,0.1
2020-01-02T20:20:00.0,0.1,0.1
2020-01-02T20:25:00.0,0.1,0.1
2020-01-02T20:30:00.0,0.1,0.1
2020-01-02T20:35:00.0,0.1,0.1
2020-01-02T20:40:00.0,0.1,0.1
2020-01-02T20:45:00.0,0.1,0.1
2020-01-02T20:50:00.0,0.1,0.1
2020-01-02T20:55:00.0,0.1,0.1
2020-01-02T21:00:00.0,0.1,0.1
2020-01-02T21:05:00.0,0.1,0.1
2020-01-02T21:10:00.0,0.1,0.1
2020-01-02T21:15:00.0,0.1,0.1
2020-01-02T21:20:00.0,0.1,0.1
2020-01-02T21:25:00.0,0.1,0.1
2020-01-02T21:30:00.0,0.1,0.1
2020-01-02T21:35:00.0,0.1,0.1
2020-01-02T21:40:00.0,0.1,0.1
2020-01-02T21:45:00.0,0.1,0.1
2020-01-02T21:50:00.0,0.1,0.1
2020-01-02T21:55:00.0,0.1,0.1
2020-01-02T22:00:00.0,0.1,0.1
2020-01-02T22:05:00.0,0.1,0.1
2020-01-02T22:10:00.0,0.1,0.1
2020-01-02T22:15:00.0,0.1,0.1
2020-01-02T22:20:00.0,0.1,0.1
2020-01-02T22:25:00.0,0.1,0.1
2020-01-02T22:30:00.0,0.1,0.1
2020-01-02T22:35:00.0,0.1,0.1
2020-01-02T22:40:00.0,0.1,0.1
2020-01-02T22:45:00.0,0.1,0.1
2020-01-02T22:50:00.0,0.1,0.1
2020-01-02T22:55:00.0,0.1,0.1
2020-01-02T23:00:00.0,0.1,0.1
2020-01-02T23:05:00.0,0.1,0.1
2020-01-02T23:10:00.0,0.1,0.1
2020-01-02T23:15:00.0,0.1,0.1
2020-01-02T23:20:00.0,0.1,0.1
2020-01-02T23:25:00.0,0.1,0.1
2020-01-02T23:30:00.0,0.1,0.1
2020-01-02T23:35:00.0,0.1,0.1
2020-01-02T23:40:00.0,0.1,0.1
2020-01-02T23:45:00.0,0.1,0.1
2020-01-02T23:50:00.0,0.1,0.1
2020-01-02T23:55:00.0,0.1,0.1
2020-01-03T00:00:00.0,0.1,0.1
2020-01-03T00:05:00.0,0.1,0.1
2020-01-03T00:10:00.0,0.1,0.1
2020-01-03T00:15:00.0,0.1,0.1
2020-01-03T00:20:00.0,0.1,0.1
2020-01-03T00:25:00.0,0.1,0.1
2020-01-03T00:30:00.0,0.1,0.1
2020-01-03T00:35:00.0,0.1,0.1
2020-01-03T00:40:00.0,0.1,0.1
2020-01-03T00:45:00.0,0.1,0.1
2020-01-03T00:50:00.0,0.1,0.1
2020-01-03T00:55:00.0,0.1,0.1
2020-01-03T01:00:00.0,0.1,0.1
2020-01-03T01:05:00.0,0.1,0.1
2020-01-03T01:10:00.0,0.1,0.1
2020-01-03T01:15:00.0,0.1,0.1
2020-01-03T01:20:00.0,0.1,0.1
2020-01-03T01:25:00.0,0.1,0.1
2020-01-03T01:30:00.0,0.1,0.1
2020-01-03T01:35:00.0,0.1,0.1
2020-01-03T01:40:00.0,0.1,0.1
2020-01-03T01:45:00.0,0.1,0.1
2020-01-03T01:50:00.0,0.1,0.1
2020-01-03T01:55:00.0,0.1,0.1
2020-01-03T02:00:00.0,0.1,0.1
2020-01-03T02:05:00.0,0.1,0.1
2020-01-03T02:10:00.0,0.1,0.1
2020-01-03T02:15:00.0,0.1,0.1
2020-01-03T02:20:00.0,0.1,0.1
2020-01-03T02:25:00.0,0.1,0.1
2020-01-03T02:30:00.0,0.1,0.1
2020-01-03T02:35:00.0,0.1,0.1
2020-01-03T02:40:00.0,0.1,0.1
2020-01-03T02:45:00.0,0.1,0.1
2020-01-03T02:50:00.0,0.1,0.1
2020-01-03T02:55:00.0,0.1,0.1
2020-01-03T03:00:00.0,0.1,0.1
2020-01-03T03:05:00.0,0.1,0.1
2020-01-03T03:10:00.0,0.1,0.1
2020-01-03T03:15:00.0,0.1,0.1
2020-01-03T03:20:00.0,0.1,0.1
2020-01-03T03:25:00.0,0.1,0.1
2020-01-03T03:30:00.0,0.1,0.1
2020-01-03T03:35:00.0,0.1,0.1
2020-01-03T03:40:00.0,0.1,0.1
2020-01-03T03:45:00.0,0.1,0.1
2020-01-03T03:50:00.0,0.1,0.1
2020-01-03T03:55:00.0,0.1,0.1
2020-01-03T04:00:00.0,0.1,0.1
2020-01-03T04:05:00.0,0.1,0.1
2020-01-03T04:10:00.0,0.1,0.1
2020-01-03T04:15:00.0,0.1,0.1
2020-01-03T04:20:00.0,0.1,0.1
2020-01-03T04:25:00.0,0.1,0.1
2020-01-03T04:30:00.0,0.1,0.1
2020-01-03T04:35:00.0,0.1,0.1
2020-01-03T04:40:00.0,0.1,0.1
2020-01-03T04:45:00.0,0.1,0.1
2020-01-03T04:50:00.0,0.1,0.1
2020-01-03T04:55:00.0,0.1,0.1
2020-01-03T05:00:00.0,0.1,0.1
2020-01-03T05:05:00.0,0.1,0.1
2020-01-03T05:10:00.0,0.1,0.1
2020-01-03T05:15:00.0,0.1,0.1
2020-01-03T05:20:00.0,0.1,0.1
2020-01-03T05:25:00.0,0.1,0.1
2020-01-03T05:30:00.0,0.1,0.1
2020-01-03T05:35:00.0,0.1,0.1
2020-01-03T05:40:00.0,0.1,0.1
2020-01-03T05:45:00.0,0.1,0.1
2020-01-03T05:50:00.0,0.1,0.1
2020-01-03T05:55:00.0,0.1,0.1
2020-01-03T06:00:00.0,0.1,0.1
2020-01-03T06:05:00.0,0.1,0.1
2020-01-03T06:10:00.0,0.1,0.1
2020-01-03T06:15:00.0,0.1,0.1
2020-01-03T06:20:00.0,0.1,0.1
2020-01-03T06:25:00.0,0.1,0.1
2020-01-03T06:30:00.0,0.1,0.1
2020-01-03T06:35:00.0,0.1,0.1
2020-01-03T06:40:00.0,0.1,0.1
2020-01-03T06:45:00.0,0.1,0.1
2020-01-03T06:50:00.0,0.1,0.1
2020-01-03T06:55:00.0,0.1,0.1
2020-01-03T07:00:00.0,0.1,0.1
2020-01-03T07:05:00.0,0.1,0.1
2020-01-03T07:10:00.0,0.1,0.1
2020-01-03T07:15:00.0,0.1,0.1
2020-01-03T07:20:00.0,0.1,0.1
2020-01-03T07:25:00.0,0.1,0.1
2020-01-03T07:30:00.0,0.1,0.1
2020-01-03T07:35:00.0,0.1,0.1
2020-01-03T07:40:00.0,0.1,0.1
2020-01-03T07:45:00.0,0.1,0.1
2020-01-03T07:50:00.0,0.1,0.1
2020-01-03T07:55:00.0,0.1,0.1
2020-01-03T08:00:00.0,0.1,0.1
2020-01-03T08:05:00.0,0.1,0.1
2020-01-03T08:10:00.0,0.1,0.1
2020-01-03T08:15:00.0,0.1,0.1
2020-01-03T08:20:00.0,0.1,0.1
2020-01-03T08:25:00.0,0.1,0.1
2020-01-03T08:30:00.0,0.1,0.1
2020-01-03T08:35:00.0,0.1,0.1
2020-01-03T08:40:00.0,0.1,0.1
2020-01-03T08:45:00.0,0.1,0.1
2020-01-03T08:50:00.0,0.1,0.1
2020-01-03T08:55:00.0,0.1,0.1
2020-01-03T09:00:00.0,0.1,0.1
2020-01-03T09:05:00.0,0.1,0.1
2020-01-03T09:10:00.0,0.1,0.1
2020-01-03T09:15:00.0,0.1,0.1
2020-01-03T09:20:00.0,0.1,0.1
2020-01-03T09:25:00.0,0.1,0.1
2020-01-03T09:30:00.0,0.1,0.1
2020-01-03T09:35:00.0,0.1,0.1
2020-01-03T09:40:00.0,0.1,0.1
2020-01-03T09:45:00.0,0.1,0.1
2020-01-03T09:50:00.0,0.1,0.1
2020-01-03T09:55:00.0,0.1,0.1
2020-01-03T10:00:00.0,0.1,0.1
2020-01-03T10:05:00.0,0.1,0.1
2020-01-03T10:10:00.0,0.1,0.1
2020-01-03T10:15:00.0,0.1,0.1
2020-01-03T10:20:00.0,0.1,0.1
2020-01-03T10:25:00.0,0.1,0.1
2020-01-03T10:30:00.0,0.1,0.1
2020-01-03T10:35:00.0,0.1,0.1
2020-01-03T10:40:00.0,0.1,0.1
2020-01-03T10:45:00.0,0.1,0.1
2020-01-03T10:50:00.0,0.1,0.1
2020-01-03T10:55:00.0,0.1,0.1
2020-01-03T11:00:00.0,0.1,0.1
2020-01-03T11:05:00.0,0.1,0.1
2020-01-03T11:10:00.0,0.1,0.1
2020-01-03T11:15:00.0,0.1,0.1
2020-01-03T11:20:00.0,0.1,0.1
2020-01-03T11:25:00.0,0.1,0.1
2020-01-03T11:30:00.0,0.1,0.1
2020-01-03T11:35:00.0,0.1,0.1
2020-01-03T11:40:00.0,0.1,0.1
2020-01-03T11:45:00.0,0.1,0.1
2020-01-03T11:50:00.0,0.1,0.1
2020-01-03T11:55:00.0,0.1,0.1
2020-01-03T12:00:00.0,0.1,0.1
2020-01-03T12:05:00.0,0.1,0.1
2020-01-03T12:10:00.0,0.1,0.1
2020-01-03T12:15:00.0,0.1,0.1
2020-01-03T12:20:00.0,0.1,0.1
2020-01-03T12:25:00.0,0.1,0.1
2020-01-03T12:30:00.0,0.1,0.1
2020-01-03T12:35:00.0,0.1,0.1
2020-01-03T12:40:00.0,0.1,0.1
2020-01-03T12:45:00.0,0.1,0.1
2020-01-03T12:50:00.0,0.1,0.1
2020-01-03T12:55:00.0,0.1,0.1
2020-01-03T13:00:00.0,0.1,0.1
2020-01-03T13:05:00.0,0.1,0.1
2020-01-03T13:10:00.0,0.1,0.1
2020-01-03T13:15:00.0,0.1,0.1
2020-01-03T13:20:00.0,0.1,0.1
2020-01-03T13:25:00.0,0.1,0.1
2020-01-03T13:30:00.0,0.1,0.1
2020-01-03T13:35:00.0,0.1,0.1
2020-01-03T13:40:00.0,0.1,0.1
2020-01-03T13:45:00.0,0.1,0.1
2020-01-03T13:50:00.0,0.1,0.1
2020-01-03T13:55:00.0,0.1,0.1
2020-01-03T14:00:00.0,0.1,0.1
2020-01-03T14:05:00.0,0.1,0.1
2020-01-03T14:10:00.0,0.1,0.1
2020-01-03T14:15:00.0,0.1,0.1
2020-01-03T14:20:00.0,0.1,0.1
2020-01-03T14:25:00.0,0.1,0.1
2020-01-03T14:30:00.0,0.1,0.1
2020-01-03T14:35:00.0,0.1,0.1
2020-01-03T14:40:00.0,0.1,0.1
2020-01-03T14:45:00.0,0.1,0.1
2020-01-03T14:50:00.0,0.1,0.1
2020-01-03T14:55:00.0,0.1,0.1
2020-01-03T15:00:00.0,0.1,0.1
2020-01-03T15:05:00.0,0.1,0.1
2020-01-03T15:10:00.0,0.1,0.1
2020-01-03T15:15:00.0,0.1,0.1
2020-01-03T15:20:00.0,0.1,0.1
2020-01-03T15:25:00.0,0.1,0.1
2020-01-03T15:30:00.0,0.1,0.1
2020-01-03T15:35:00.0,0.1,0.1
2020-01-03T15:40:00.0,0.1,0.1
2020-01-03T15:45:00.0,0.1,0.1
2020-01-03T15:50:00.0,0.1,0.1
2020-01-03T15:55:00.0,0.1,0.1
2020-01-03T16:00:00.0,0.1,0.1
2020-01-03T16:05:00.0,0.1,0.1
2020-01-03T16:10:00.0,0.1,0.1
2020-01-03T16:15:00.0,0.1,0.1
2020-01-03T16:20:00.0,0.1,0.1
2020-01-03T16:25:00.0,0.1,0.1
2020-01-03T16:30:00.0,0.1,0.1
2020-01-03T16:35:00.0,0.1,0.1
2020-01-03T16:40:00.0,0.1,0.1
2020-01-03T16:45:00.0,0.1,0.1
2020-01-03T16:50:00.0,0.1,0.1
2020-01-03T16:55:00.0,0.1,0.1
2020-01-03T17:00:00.0,0.1,0.1
2020-01-03T17:05:00.0,0.1,0.1
2020-01-03T17:10:00.0,0.1,0.1
2020-01-03T17:15:00.0,0.1,0.1
2020-01-03T17:20:00.0,0.1,0.1
2020-01-03T17:25:00.0,0.1,0.1
2020-01-03T17:30:00.0,0.1,0.1
2020-01-03T17:35:00.0,0.1,0.1
2020-01-03T17:40:00.0,0.1,0.1
2020-01-03T17:45:00.0,0.1,0.1
2020-01-03T17:50:00.0,0.1,0.1
2020-01-03T17:55:00.0,0.1,0.1
2020-01-03T18:00:00.0,0.1,0.1
2020-01-03T18:05:00.0,0.1,0.1
2020-01-03T18:10:00.0,0.1,0.1
2020-01-03T18:15:00.0,0.1,0.1
2020-01-03T18:20:00.0,0.1,0.1
2020-01-03T18:25:00.0,0.1,0.1
2020-01-03T18:30:00.0,0.1,0.1
2020-01-03T18:35:00.0,0.1,0.1
2020-01-03T18:40:00.0,0.1,0.1
2020-01-03T18:45:00.0,0.1,0.1
2020-01-03T18:50:00.0,0.1,0.1
2020-01-03T18:55:00.0,0.1,0.1
2020-01-03T19:00:00.0,0.1,0.1
2020-01-03T19:05:00.0,0.1,0.1
2020-01-03T19:10:00.0,0.1,0.1
2020-01-03T19:15:00.0,0.1,0.1
2020-01-03T19:20:00.0,0.1,0.1
2020-01-03T19:25:00.0,0.1,0.1
2020-01-03T19:30:00.0,0.1,0.1
2020-01-03T19:35:00.0,0.1,0.1
2020-01-03T19:40:00.0,0.1,0.1
2020-01-03T19:45:00.0,0.1,0.1
2020-01-03T19:50:00.0,0.1,0.1
2020-01-03T19:55:00.0,0.1,0.1
2020-01-03T20:00:00.0,0.1,0.1
2020-01-03T20:05:00.0,0.1,0.1
2020-01-03T20:10:00.0,0.1,0.1
2020-01-03T20:15:00.0,0.1,0.1
2020-01-03T20:20:00.0,0.1,0.1
2020-01-03T20:25:00.0,0.1,0.1
2020-01-03T20:30:00.0,0.1,0.1
2020-01-03T20:35:00.0,0.1,0.1
2020-01-03T20:40:00.0,0.1,0.1
2020-01-03T20:45:00.0,0.1,0.1
2020-01-03T20:50:00.0,0.1,0.1
2020-01-03T20:55:00.0,0.1,0.1
2020-01-03T21:00:00.0,0.1,0.1
2020-01-03T21:05:00.0,0.1,0.1
2020-01-03T21:10:00.0,0.1,0.1
2020-01-03T21:15:00.0,0.1,0.1
2020-01-03T21:20:00.0,0.1,0.1
2020-01-03T21:25:00.0,0.1,0.1
2020-01-03T21:30:00.0,0.1,0.1
2020-01-03T21:35:00.0,0.1,0.1
2020-01-03T21:40:00.0,0.1,0.1
2020-01-03T21:45:00.0,0.1,0.1
2020-01-03T21:50:00.0,0.1,0.1
2020-01-03T21:55:00.0,0.1,0.1
2020-01-03T22:00:00.0,0.1,0.1
2020-01-03T22:05:00.0,0.1,0.1
2020-01-03T22:10:00.0,0.1,0.1
2020-01-03T22:15:00.0,0.1,0.1
2020-01-03T22:20:00.0,0.1,0.1
2020-01-03T22:25:00.0,0.1,0.1
2020-01-03T22:30:00.0,0.1,0.1
2020-01-03T22:35:00.0,0.1,0.1
2020-01-03T22:40:00.0,0.1,0.1
2020-01-03T22:45:00.0,0.1,0.1
2020-01-03T22:50:00.0,0.1,0.1
2020-01-03T22:55:00.0,0.1,0.1
2020-01-03T23:00:00.0,0.1,0.1
2020-01-03T23:05:00.0,0.1,0.1
2020-01-03T23:10:00.0,0.1,0.1
2020-01-03T23:15:00.0,0.1,0.1
2020-01-03T23:20:00.0,0.1,0.1
2020-01-03T23:25:00.0,0.1,0.1
2020-01-03T23:30:00.0,0.1,0.1
2020-01-03T23:35:00.0,0.1,0.1
2020-01-03T23:40:00.0,0.1,0.1
2020-01-03T23:45:00.0,0.1,0.1
2020-01-03T23:50:00.0,0.1,0.1
2020-01-03T23:55:00.0,0.1,0.1
2020-01-04T00:00:00.0,0.1,0.1
2020-01-04T00:05:00.0,0.1,0.1
2020-01-04T00:10:00.0,0.1,0.1
2020-01-04T00:15:00.0,0.1,0.1
2020-01-04T00:20:00.0,0.1,0.1
2020-01-04T00:25:00.0,0.1,0.1
2020-01-04T00:30:00.0,0.1,0.1
2020-01-04T00:35:00.0,0.1,0.1
2020-01-04T00:40:00.0,0.1,0.1
2020-01-04T00:45:00.0,0.1,0.1
2020-01-04T00:50:00.0,0.1,0.1
2020-01-04T00:55:00.0,0.1,0.1
2020-01-04T01:00:00.0,0.1,0.1
2020-01-04T01:05:00.0,0.1,0.1
2020-01-04T01:10:00.0,0.1,0.1
2020-01-04T01:15:00.0,0.1,0.1
2020-01-04T01:20:00.0,0.1,0.1
2020-01-04T01:25:00.0,0.1,0.1
2020-01-04T01:30:00.0,0.1,0.1
2020-01-04T01:35:00.0,0.1,0.1
2020-01-04T01:40:00.0,0.1,0.1
2020-01-04T01:45:00.0,0.1,0.1
2020-01-04T01:50:00.0,0.1,0.1
2020-01-04T01:55:00.0,0.1,0.1
2020-01-04T02:00:00.0,0.1,0.1
2020-01-04T02:05:00.0,0.1,0.1
2020-01-04T02:10:00.0,0.1,0.1
2020-01-04T02:15:00.0,0.1,0.1
2020-01-04T02:20:00.0,0.1,0.1
2020-01-04T02:25:00.0,0.1,0.1
2020-01-04T02:30:00.0,0.1,0.1
2020-01-04T02:35:00.0,0.1,0.1
2020-01-04T02:40:00.0,0.1,0.1
2020-01-04T02:45:00.0,0.1,0.1
2020-01-04T02:50:00.0,0.1,0.1
2020-01-04T02:55:00.0,0.1,0.1
2020-01-04T03:00:00.0,0.1,0.1
2020-01-04T03:05:00.0,0.1,0.1
2020-01-04T03:10:00.0,0.1,0.1
2020-01-04T03:15:00.0,0.1,0.1
2020-01-04T03:20:00.0,0.1,0.1
2020-01-04T03:25:00.0,0.1,0.1
2020-01-04T03:30:00.0,0.1,0.1
2020-01-04T03:35:00.0,0.1,0.1
2020-01-04T03:40:00.0,0.1,0.1
2020-01-04T03:45:00.0,0.1,0.1
2020-01-04T03:50:00.0,0.1,0.1
2020-01-04T03:55:00.0,0.1,0.1
2020-01-04T04:00:00.0,0.1,0.1
2020-01-04T04:05:00.0,0.1,0.1
2020-01-04T04:10:00.0,0.1,0.1
2020-01-04T04:15:00.0,0.1,0.1
2020-01-04T04:20:00.0,0.1,0.1
2020-01-04T04:25:00.0,0.1,0.1
2020-01-04T04:30:00.0,0.1,0.1
2020-01-04T04:35:00.0,0.1,0.1
2020-01-04T04:40:00.0,0.1,0.1
2020-01-04T04:45:00.0,0.1,0.1
2020-01-04T04:50:00.0,0.1,0.1
2020-01-04T04:55:00.0,0.1,0.1
2020-01-04T05:00:00.0,0.1,0.1
2020-01-04T05:05:00.0,0.1,0.1
2020-01-04T05:10:00.0,0.1,0.1
2020-01-04T05:15:00.0,0.1,0.1
2020-01-04T05:20:00.0,0.1,0.1
2020-01-04T05:25:00.0,0.1,0.1
2020-01-04T05:30:00.0,0.1,0.1
2020-01-04T05:35:00.0,0.1,0.1
2020-01-04T05:40:00.0,0.1,0.1
2020-01-04T05:45:00.0,0.1,0.1
2020-01-04T05:50:00.0,0.1,0.1
2020-01-04T05:55:00.0,0.1,0.1
2020-01-04T06:00:00.0,0.1,0.1
2020-01-04T06:05:00.0,0.1,0.1
2020-01-04T06:10:00.0,0.1,0.1
2020-01-04T06:15:00.0,0.1,0.1
2020-01-04T06:20:00.0,0.1,0.1
2020-01-04T06:25:00.0,0.1,0.1
2020-01-04T06:30:00.0,0.1,0.1
2020-01-04T06:35:00.0,0.1,0.1
2020-01-04T06:40:00.0,0.1,0.1
2020-01-04T06:45:00.0,0.1,0.1
2020-01-04T06:50:00.0,0.1,0.1
2020-01-04T06:55:00.0,0.1,0.1
2020-01-04T07:00:00.0,0.1,0.1
2020-01-04T07:05:00.0,0.1,0.1
2020-01-04T07:10:00.0,0.1,0.1
2020-01-04T07:15:00.0,0.1,0.1
2020-01-04T07:20:00.0,0.1,0.1
2020-01-04T07:25:00.0,0.1,0.1
2020-01-04T07:30:00.0,0.1,0.1
2020-01-04T07:35:00.0,0.1,0.1
2020-01-04T07:40:00.0,0.1,0.1
2020-01-04T07:45:00.0,0.1,0.1
2020-01-04T07:50:00.0,0.1,0.1
2020-01-04T07:55:00.0,0.1,0.1
2020-01-04T08:00:00.0,0.1,0.1
2020-01-04T08:05:00.0,0.1,0.1
2020-01-04T08:10:00.0,0.1,0.1
2020-01-04T08:15:00.0,0.1,0.1
2020-01-04T08:20:00.0,0.1,0.1
2020-01-04T08:25:00.0,0.1,0.1
2020-01-04T08:30:00.0,0.1,0.1
2020-01-04T08:35:00.0,0.1,0.1
2020-01-04T08:40:00.0,0.1,0.1
2020-01-04T08:45:00.0,0.1,0.1
2020-01-04T08:50:00.0,0.1,0.1
2020-01-04T08:55:00.0,0.1,0.1
2020-01-04T09:00:00.0,0.1,0.1
2020-01-04T09:05:00.0,0.1,0.1
2020-01-04T09:10:00.0,0.1,0.1
2020-01-04T09:15:00.0,0.1,0.1
2020-01-04T09:20:00.0,0.1,0.1
2020-01-04T09:25:00.0,0.1,0.1
2020-01-04T09:30:00.0,0.1,0.1
2020-01-04T09:35:00.0,0.1,0.1
2020-01-04T09:40:00.0,0.1,0.1
2020-01-04T09:45:00.0,0.1,0.1
2020-01-04T09:50:00.0,0.1,0.1
2020-01-04T09:55:00.0,0.1,0.1
2020-01-04T10:00:00.0,0.1,0.1
2020-01-04T10:05:00.0,0.1,0.1
2020-01-04T10:10:00.0,0.1,0.1
2020-01-04T10:15:00.0,0.1,0.1
2020-01-04T10:20:00.0,0.1,0.1
2020-01-04T10:25:00.0,0.1,0.1
2020-01-04T10:30:00.0,0.1,0.1
2020-01-04T10:35:00.0,0.1,0.1
2020-01-04T10:40:00.0,0.1,0.1
2020-01-04T10:45:00.0,0.1,0.1
2020-01-04T10:50:00.0,0.1,0.1
2020-01-04T10:55:00.0,0.1,0.1
2020-01-04T11:00:00.0,0.1,0.1
2020-01-04T11:05:00.0,0.1,0.1
2020-01-04T11:10:00.0,0.1,0.1
2020-01-04T11:15:00.0,0.1,0.1
2020-01-04T11:20:00.0,0.1,0.1
2020-01-04T11:25:00.0,0.1,0.1
2020-01-04T11:30:00.0,0.1,0.1
2020-01-04T11:35:00.0,0.1,0.1
2020-01-04T11:40:00.0,0.1,0.1
2020-01-04T11:45:00.0,0.1,0.1
2020-01-04T11:50:00.0,0.1,0.1
2020-01-04T11:55:00.0,0.1,0.1
2020-01-04T12:00:00.0,0.1,0.1
2020-01-04T12:05:00.0,0.1,0.1
2020-01-04T12:10:00.0,0.1,0.1
2020-01-04T12:15:00.0,0.1,0.1
2020-01-04T12:20:00.0,0.1,0.1
2020-01-04T12:25:00.0,0.1,0.1
2020-01-04T12:30:00.0,0.1,0.1
2020-01-04T12:35:00.0,0.1,0.1
2020-01-04T12:40:00.0,0.1,0.1
2020-01-04T12:45:00.0,0.1,0.1
2020-01-04T12:50:00.0,0.1,0.1
2020-01-04T12:55:00.0,0.1,0.1
2020-01-04T13:00:00.0,0.1,0.1
2020-01-04T13:05:00.0,0.1,0.1
2020-01-04T13:10:00.0,0.1,0.1
2020-01-04T13:15:00.0,0.1,0.1
2020-01-04T13:20:00.0,0.1,0.1
2020-01-04T13:25:00.0,0.1,0.1
2020-01-04T13:30:00.0,0.1,0.1
2020-01-04T13:35:00.0,0.1,0.1
2020-01-04T13:40:00.0,0.1,0.1
2020-01-04T13:45:00.0,0.1,0.1
2020-01-04T13:50:00.0,0.1,0.1
2020-01-04T13:55:00.0,0.1,0.1
2020-01-04T14:00:00.0,0.1,0.1
2020-01-04T14:05:00.0,0.1,0.1
2020-01-04T14:10:00.0,0.1,0.1
2020-01-04T14:15:00.0,0.1,0.1
2020-01-04T14:20:00.0,0.1,0.1
2020-01-04T14:25:00.0,0.1,0.1
2020-01-04T14:30:00.0,0.1,0.1
2020-01-04T14:35:00.0,0.1,0.1
2020-01-04T14:40:00.0,0.1,0.1
2020-01-04T14:45:00.0,0.1,0.1
2020-01-04T14:50:00.0,0.1,0.1
2020-01-04T14:55:00.0,0.1,0.1
2020-01-04T15:00:00.0,0.1,0.1
2020-01-04T15:05:00.0,0.1,0.1
2020-01-04T15:10:00.0,0.1,0.1
2020-01-04T15:15:00.0,0.1,0.1
2020-01-04T15:20:00.0,0.1,0.1
2020-01-04T15:25:00.0,0.1,0.1
2020-01-04T15:30:00.0,0.1,0.1
2020-01-04T15:35:00.0,0.1,0.1
2020-01-04T15:40:00.0,0.1,0.1
2020-01-04T15:45:00.0,0.1,0.1
2020-01-04T15:50:00.0,0.1,0.1
2020-01-04T15:55:00.0,0.1,0.1
2020-01-04T16:00:00.0,0.1,0.1
2020-01-04T16:05:00.0,0.1,0.1
2020-01-04T16:10:00.0,0.1,0.1
2020-01-04T16:15:00.0,0.1,0.1
2020-01-04T16:20:00.0,0.1,0.1
2020-01-04T16:25:00.0,0.1,0.1
2020-01-04T16:30:00.0,0.1,0.1
2020-01-04T16:35:00.0,0.1,0.1
2020-01-04T16:40:00.0,0.1,0.1
2020-01-04T16:45:00.0,0.1,0.1
2020-01-04T16:50:00.0,0.1,0.1
2020-01-04T16:55:00.0,0.1,0.1
2020-01-04T17:00:00.0,0.1,0.1
2020-01-04T17:05:00.0,0.1,0.1
2020-01-04T17:10:00.0,0.1,0.1
2020-01-04T17:15:00.0,0.1,0.1
2020-01-04T17:20:00.0,0.1,0.1
2020-01-04T17:25:00.0,0.1,0.1
2020-01-04T17:30:00.0,0.1,0.1
2020-01-04T17:35:00.0,0.1,0.1
2020-01-04T17:40:00.0,0.1,0.1
2020-01-04T17:45:00.0,0.1,0.1
2020-01-04T17:50:00.0,0.1,0.1
2020-01-04T17:55:00.0,0.1,0.1
2020-01-04T18:00:00.0,0.1,0.1
2020-01-04T18:05:00.0,0.1,0.1
2020-01-04T18:10:00.0,0.1,0.1
2020-01-04T18:15:00.0,0.1,0.1
2020-01-04T18:20:00.0,0.1,0.1
2020-01-04T18:25:00.0,0.1,0.1
2020-01-04T18:30:00.0,0.1,0.1
2020-01-04T18:35:00.0,0.1,0.1
2020-01-04T18:40:00.0,0.1,0.1
2020-01-04T18:45:00.0,0.1,0.1
2020-01-04T18:50:00.0,0.1,0.1
2020-01-04T18:55:00.0,0.1,0.1
2020-01-04T19:00:00.0,0.1,0.1
2020-01-04T19:05:00.0,0.1,0.1
2020-01-04T19:10:00.0,0.1,0.1
2020-01-04T19:15:00.0,0.1,0.1
2020-01-04T19:20:00.0,0.1,0.1
2020-01-04T19:25:00.0,0.1,0.1
2020-01-04T19:30:00.0,0.1,0.1
2020-01-04T19:35:00.0,0.1,0.1
2020-01-04T19:40:00.0,0.1,0.1
2020-01-04T19:45:00.0,0.1,0.1
2020-01-04T19:50:00.0,0.1,0.1
2020-01-04T19:55:00.0,0.1,0.1
2020-01-04T20:00:00.0,0.1,0.1
2020-01-04T20:05:00.0,0.1,0.1
2020-01-04T20:10:00.0,0.1,0.1
2020-01-04T20:15:00.0,0.1,0.1
2020-01-04T20:20:00.0,0.1,0.1
2020-01-04T20:25:00.0,0.1,0.1
2020-01-04T20:30:00.0,0.1,0.1
2020-01-04T20:35:00.0,0.1,0.1
2020-01-04T20:40:00.0,0.1,0.1
2020-01-04T20:45:00.0,0.1,0.1
2020-01-04T20:50:00.0,0.1,0.1
2020-01-04T20:55:00.0,0.1,0.1
2020-01-04T21:00:00.0,0.1,0.1
2020-01-04T21:05:00.0,0.1,0.1
2020-01-04T21:10:00.0,0.1,0.1
2020-01-04T21:15:00.0,0.1,0.1
2020-01-04T21:20:00.0,0.1,0.1
2020-01-04T21:25:00.0,0.1,0.1
2020-01-04T21:30:00.0,0.1,0.1
2020-01-04T21:35:00.0,0.1,0.1
2020-01-04T21:40:00.0,0.1,0.1
2020-01-04T21:45:00.0,0.1,0.1
2020-01-04T21:50:00.0,0.1,0.1
2020-01-04T21:55:00.0,0.1,0.1
2020-01-04T22:00:00.0,0.1,0.1
2020-01-04T22:05:00.0,0.1,0.1
2020-01-04T22:10:00.0,0.1,0.1
2020-01-04T22:15:00.0,0.1,0.1
2020-01-04T22:20:00.0,0.1,0.1
2020-01-04T22:25:00.0,0.1,0.1
2020-01-04T22:30:00.0,0.1,0.1
2020-01-04T22:35:00.0,0.1,0.1
2020-01-04T22:40:00.0,0.1,0.1
2020-01-04T22:45:00.0,0.1,0.1
2020-01-04T22:50:00.0,0.1,0.1
2020-01-04T22:55:00.0,0.1,0.1
2020-01-04T23:00:00.0,0.1,0.1
2020-01-04T23:05:00.0,0.1,0.1
2020-01-04T23:10:00.0,0.1,0.1
2020-01-04T23:15:00.0,0.1,0.1
2020-01-04T23:20:00.0,0.1,0.1
2020-01-04T23:25:00.0,0.1,0.1
2020-01-04T23:30:00.0,0.1,0.1
2020-01-04T23:35:00.0,0.1,0.1
2020-01-04T23:40:00.0,0.1,0.1
2020-01-04T23:45:00.0,0.1,0.1
2020-01-04T23:50:00.0,0.1,0.1
2020-01-04T23:55:00.0,0.1,0.1
2020-01-05T00:00:00.0,0.1,0.1
2020-01-05T00:05:00.0,0.1,0.1
2020-01-05T00:10:00.0,0.1,0.1
2020-01-05T00:15:00.0,0.1,0.1
2020-01-05T00:20:00.0,0.1,0.1
2020-01-05T00:25:00.0,0.1,0.1
2020-01-05T00:30:00.0,0.1,0.1
2020-01-05T00:35:00.0,0.1,0.1
2020-01-05T00:40:00.0,0.1,0.1
2020-01-05T00:45:00.0,0.1,0.1
2020-01-05T00:50:00.0,0.1,0.1
2020-01-05T00:55:00.0,0.1,0.1
2020-01-05T01:00:00.0,0.1,0.1
2020-01-05T01:05:00.0,0.1,0.1
2020-01-05T01:10:00.0,0.1,0.1
2020-01-05T01:15:00.0,0.1,0.1
2020-01-05T01:20:00.0,0.1,0.1
2020-01-05T01:25:00.0,0.1,0.1
2020-01-05T01:30:00.0,0.1,0.1
2020-01-05T01:35:00.0,0.1,0.1
2020-01-05T01:40:00.0,0.1,0.1
2020-01-05T01:45:00.0,0.1,0.1
2020-01-05T01:50:00.0,0.1,0.1
2020-01-05T01:55:00.0,0.1,0.1
2020-01-05T02:00:00.0,0.1,0.1
2020-01-05T02:05:00.0,0.1,0.1
2020-01-05T02:10:00.0,0.1,0.1
2020-01-05T02:15:00.0,0.1,0.1
2020-01-05T02:20:00.0,0.1,0.1
2020-01-05T02:25:00.0,0.1,0.1
2020-01-05T02:30:00.0,0.1,0.1
2020-01-05T02:35:00.0,0.1,0.1
2020-01-05T02:40:00.0,0.1,0.1
2020-01-05T02:45:00.0,0.1,0.1
2020-01-05T02:50:00.0,0.1,0.1
2020-01-05T02:55:00.0,0.1,0.1
2020-01-05T03:00:00.0,0.1,0.1
2020-01-05T03:05:00.0,0.1,0.1
2020-01-05T03:10:00.0,0.1,0.1
2020-01-05T03:15:00.0,0.1,0.1
2020-01-05T03:20:00.0,0.1,0.1
2020-01-05T03:25:00.0,0.1,0.1
2020-01-05T03:30:00.0,0.1,0.1
2020-01-05T03:35:00.0,0.1,0.1
2020-01-05T03:40:00.0,0.1,0.1
2020-01-05T03:45:00.0,0.1,0.1
2020-01-05T03:50:00.0,0.1,0.1
2020-01-05T03:55:00.0,0.1,0.1
2020-01-05T04:00:00.0,0.1,0.1
2020-01-05T04:05:00.0,0.1,0.1
2020-01-05T04:10:00.0,0.1,0.1
2020-01-05T04:15:00.0,0.1,0.1
2020-01-05T04:20:00.0,0.1,0.1
2020-01-05T04:25:00.0,0.1,0.1
2020-01-05T04:30:00.0,0.1,0.1
2020-01-05T04:35:00.0,0.1,0.1
2020-01-05T04:40:00.0,0.1,0.1
2020-01-05T04:45:00.0,0.1,0.1
2020-01-05T04:50:00.0,0.1,0.1
2020-01-05T04:55:00.0,0.1,0.1
2020-01-05T05:00:00.0,0.1,0.1
2020-01-05T05:05:00.0,0.1,0.1
2020-01-05T05:10:00.0,0.1,0.1
2020-01-05T05:15:00.0,0.1,0.1
2020-01-05T05:20:00.0,0.1,0.1
2020-01-05T05:25:00.0,0.1,0.1
2020-01-05T05:30:00.0,0.1,0.1
2020-01-05T05:35:00.0,0.1,0.1
2020-01-05T05:40:00.0,0.1,0.1
2020-01-05T05:45:00.0,0.1,0.1
2020-01-05T05:50:00.0,0.1,0.1
2020-01-05T05:55:00.0,0.1,0.1
2020-01-05T06:00:00.0,0.1,0.1
2020-01-05T06:05:00.0,0.1,0.1
2020-01-05T06:10:00.0,0.1,0.1
2020-01-05T06:15:00.0,0.1,0.1
2020-01-05T06:20:00.0,0.1,0.1
2020-01-05T06:25:00.0,0.1,0.1
2020-01-05T06:30:00.0,0.1,0.1
2020-01-05T06:35:00.0,0.1,0.1
2020-01-05T06:40:00.0,0.1,0.1
2020-01-05T06:45:00.0,0.1,0.1
2020-01-05T06:50:00.0,0.1,0.1
2020-01-05T06:55:00.0,0.1,0.1
2020-01-05T07:00:00.0,0.1,0.1
2020-01-05T07:05:00.0,0.1,0.1
2020-01-05T07:10:00.0,0.1,0.1
2020-01-05T07:15:00.0,0.1,0.1
2020-01-05T07:20:00.0,0.1,0.1
2020-01-05T07:25:00.0,0.1,0.1
2020-01-05T07:30:00.0,0.1,0.1
2020-01-05T07:35:00.0,0.1,0.1
2020-01-05T07:40:00.0,0.1,0.1
2020-01-05T07:45:00.0,0.1,0.1
2020-01-05T07:50:00.0,0.1,0.1
2020-01-05T07:55:00.0,0.1,0.1
2020-01-05T08:00:00.0,0.1,0.1
2020-01-05T08:05:00.0,0.1,0.1
2020-01-05T08:10:00.0,0.1,0.1
2020-01-05T08:15:00.0,0.1,0.1
2020-01-05T08:20:00.0,0.1,0.1
2020-01-05T08:25:00.0,0.1,0.1
2020-01-05T08:30:00.0,0.1,0.1
2020-01-05T08:35:00.0,0.1,0.1
2020-01-05T08:40:00.0,0.1,0.1
2020-01-05T08:45:00.0,0.1,0.1
2020-01-05T08:50:00.0,0.1,0.1
2020-01-05T08:55:00.0,0.1,0.1
2020-01-05T09:00:00.0,0.1,0.1
2020-01-05T09:05:00.0,0.1,0.1
2020-01-05T09:10:00.0,0.1,0.1
2020-01-05T09:15:00.0,0.1,0.1
2020-01-05T09:20:00.0,0.1,0.1
2020-01-05T09:25:00.0,0.1,0.1
2020-01-05T09:30:00.0,0.1,0.1
2020-01-05T09:35:00.0,0.1,0.1
2020-01-05T09:40:00.0,0.1,0.1
2020-01-05T09:45:00.0,0.1,0.1
2020-01-05T09:50:00.0,0.1,0.1
2020-01-05T09:55:00.0,0.1,0.1
2020-01-05T10:00:00.0,0.1,0.1
2020-01-05T10:05:00.0,0.1,0.1
2020-01-05T10:10:00.0,0.1,0.1
2020-01-05T10:15:00.0,0.1,0.1
2020-01-05T10:20:00.0,0.1,0.1
2020-01-05T10:25:00.0,0.1,0.1
2020-01-05T10:30:00.0,0.1,0.1
2020-01-05T10:35:00.0,0.1,0.1
2020-01-05T10:40:00.0,0.1,0.1
2020-01-05T10:45:00.0,0.1,0.1
2020-01-05T10:50:00.0,0.1,0.1
2020-01-05T10:55:00.0,0.1,0.1
2020-01-05T11:00:00.0,0.1,0.1
2020-01-05T11:05:00.0,0.1,0.1
2020-01-05T11:10:00.0,0.1,0.1
2020-01-05T11:15:00.0,0.1,0.1
2020-01-05T11:20:00.0,0.1,0.1
2020-01-05T11:25:00.0,0.1,0.1
2020-01-05T11:30:00.0,0.1,0.1
2020-01-05T11:35:00.0,0.1,0.1
2020-01-05T11:40:00.0,0.1,0.1
2020-01-05T11:45:00.0,0.1,0.1
2020-01-05T11:50:00.0,0.1,0.1
2020-01-05T11:55:00.0,0.1,0.1
2020-01-05T12:00:00.0,0.1,0.1
2020-01-05T12:05:00.0,0.1,0.1
2020-01-05T12:10:00.0,0.1,0.1
2020-01-05T12:15:00.0,0.1,0.1
2020-01-05T12:20:00.0,0.1,0.1
2020-01-05T12:25:00.0,0.1,0.1
2020-01-05T12:30:00.0,0.1,0.1
2020-01-05T12:35:00.0,0.1,0.1
2020-01-05T12:40:00.0,0.1,0.1
2020-01-05T12:45:00.0,0.1,0.1
2020-01-05T12:50:00.0,0.1,0.1
2020-01-05T12:55:00.0,0.1,0.1
2020-01-05T13:00:00.0,0.1,0.1
2020-01-05T13:05:00.0,0.1,0.1
2020-01-05T13:10:00.0,0.1,0.1
2020-01-05T13:15:00.0,0.1,0.1
2020-01-05T13:20:00.0,0.1,0.1
2020-01-05T13:25:00.0,0.1,0.1
2020-01-05T13:30:00.0,0.1,0.1
2020-01-05T13:35:00.0,0.1,0.1
2020-01-05T13:40:00.0,0.1,0.1
2020-01-05T13:45:00.0,0.1,0.1
2020-01-05T13:50:00.0,0.1,0.1
2020-01-05T13:55:00.0,0.1,0.1
2020-01-05T14:00:00.0,0.1,0.1
2020-01-05T14:05:00.0,0.1,0.1
2020-01-05T14:10:00.0,0.1,0.1
2020-01-05T14:15:00.0,0.1,0.1
2020-01-05T14:20:00.0,0.1,0.1
2020-01-05T14:25:00.0,0.1,0.1
2020-01-05T14:30:00.0,0.1,0.1
2020-01-05T14:35:00.0,0.1,0.1
2020-01-05T14:40:00.0,0.1,0.1
2020-01-05T14:45:00.0,0.1,0.1
2020-01-05T14:50:00.0,0.1,0.1
2020-01-05T14:55:00.0,0.1,0.1
2020-01-05T15:00:00.0,0.1,0.1
2020-01-05T15:05:00.0,0.1,0.1
2020-01-05T15:10:00.0,0.1,0.1
2020-01-05T15:15:00.0,0.1,0.1
2020-01-05T15:20:00.0,0.1,0.1
2020-01-05T15:25:00.0,0.1,0.1
2020-01-05T15:30:00.0,0.1,0.1
2020-01-05T15:35:00.0,0.1,0.1
2020-01-05T15:40:00.0,0.1,0.1
2020-01-05T15:45:00.0,0.1,0.1
2020-01-05T15:50:00.0,0.1,0.1
2020-01-05T15:55:00.0,0.1,0.1
2020-01-05T16:00:00.0,0.1,0.1
2020-01-05T16:05:00.0,0.1,0.1
2020-01-05T16:10:00.0,0.1,0.1
2020-01-05T16:15:00.0,0.1,0.1
2020-01-05T16:20:00.0,0.1,0.1
2020-01-05T16:25:00.0,0.1,0.1
2020-01-05T16:30:00.0,0.1,0.1
2020-01-05T16:35:00.0,0.1,0.1
2020-01-05T16:40:00.0,0.1,0.1
2020-01-05T16:45:00.0,0.1,0.1
2020-01-05T16:50:00.0,0.1,0.1
2020-01-05T16:55:00.0,0.1,0.1
2020-01-05T17:00:00.0,0.1,0.1
2020-01-05T17:05:00.0,0.1,0.1
2020-01-05T17:10:00.0,0.1,0.1
2020-01-05T17:15:00.0,0.1,0.1
2020-01-05T17:20:00.0,0.1,0.1
2020-01-05T17:25:00.0,0.1,0.1
2020-01-05T17:30:00.0,0.1,0.1
2020-01-05T17:35:00.0,0.1,0.1
2020-01-05T17:40:00.0,0.1,0.1
2020-01-05T17:45:00.0,0.1,0.1
2020-01-05T17:50:00.0,0.1,0.1
2020-01-05T17:55:00.0,0.1,0.1
2020-01-05T18:00:00.0,0.1,0.1
2020-01-05T18:05:00.0,0.1,0.1
2020-01-05T18:10:00.0,0.1,0.1
2020-01-05T18:15:00.0,0.1,0.1
2020-01-05T18:20:00.0,0.1,0.1
2020-01-05T18:25:00.0,0.1,0.1
2020-01-05T18:30:00.0,0.1,0.1
2020-01-05T18:35:00.0,0.1,0.1
2020-01-05T18:40:00.0,0.1,0.1
2020-01-05T18:45:00.0,0.1,0.1
2020-01-05T18:50:00.0,0.1,0.1
2020-01-05T18:55:00.0,0.1,0.1
2020-01-05T19:00:00.0,0.1,0.1
2020-01-05T19:05:00.0,0.1,0.1
2020-01-05T19:10:00.0,0.1,0.1
2020-01-05T19:15:00.0,0.1,0.1
2020-01-05T19:20:00.0,0.1,0.1
2020-01-05T19:25:00.0,0.1,0.1
2020-01-05T19:30:00.0,0.1,0.1
2020-01-05T19:35:00.0,0.1,0.1
2020-01-05T19:40:00.0,0.1,0.1
2020-01-05T19:45:00.0,0.1,0.1
2020-01-05T19:50:00.0,0.1,0.1
2020-01-05T19:55:00.0,0.1,0.1
2020-01-05T20:00:00.0,0.1,0.1
2020-01-05T20:05:00.0,0.1,0.1
2020-01-05T20:10:00.0,0.1,0.1
2020-01-05T20:15:00.0,0.1,0.1
2020-01-05T20:20:00.0,0.1,0.1
2020-01-05T20:25:00.0,0.1,0.1
2020-01-05T20:30:00.0,0.1,0.1
2020-01-05T20:35:00.0,0.1,0.1
2020-01-05T20:40:00.0,0.1,0.1
2020-01-05T20:45:00.0,0.1,0.1
2020-01-05T20:50:00.0,0.1,0.1
2020-01-05T20:55:00.0,0.1,0.1
2020-01-05T21:00:00.0,0.1,0.1
2020-01-05T21:05:00.0,0.1,0.1
2020-01-05T21:10:00.0,0.1,0.1
2020-01-05T21:15:00.0,0.1,0.1
2020-01-05T21:20:00.0,0.1,0.1
2020-01-05T21:25:00.0,0.1,0.1
2020-01-05T21:30:00.0,0.1,0.1
2020-01-05T21:35:00.0,0.1,0.1
2020-01-05T21:40:00.0,0.1,0.1
2020-01-05T21:45:00.0,0.1,0.1
2020-01-05T21:50:00.0,0.1,0.1
2020-01-05T21:55:00.0,0.1,0.1
2020-01-05T22:00:00.0,0.1,0.1
2020-01-05T22:05:00.0,0.1,0.1
2020-01-05T22:10:00.0,0.1,0.1
2020-01-05T22:15:00.0,0.1,0.1
2020-01-05T22:20:00.0,0.1,0.1
2020-01-05T22:25:00.0,0.1,0.1
2020-01-05T22:30:00.0,0.1,0.1
2020-01-05T22:35:00.0,0.1,0.1
2020-01-05T22:40:00.0,0.1,0.1
2020-01-05T22:45:00.0,0.1,0.1
2020-01-05T22:50:00.0,0.1,0.1
2020-01-05T22:55:00.0,0.1,0.1
2020-01-05T23:00:00.0,0.1,0.1
2020-01-05T23:05:00.0,0.1,0.1
2020-01-05T23:10:00.0,0.1,0.1
2020-01-05T23:15:00.0,0.1,0.1
2020-01-05T23:20:00.0,0.1,0.1
2020-01-05T23:25:00.0,0.1,0.1
2020-01-05T23:30:00.0,0.1,0.1
2020-01-05T23:35:00.0,0.1,0.1
2020-01-05T23:40:00.0,0.1,0.1
2020-01-05T23:45:00.0,0.1,0.1
2020-01-05T23:50:00.0,0.1,0.1
2020-01-05T23:55:00.0,0.1,0.1
2020-01-06T00:00:00.0,0.1,0.1
2020-01-06T00:05:00.0,0.1,0.1
2020-01-06T00:10:00.0,0.1,0.1
2020-01-06T00:15:00.0,0.1,0.1
2020-01-06T00:20:00.0,0.1,0.1
2020-01-06T00:25:00.0,0.1,0.1
2020-01-06T00:30:00.0,0.1,0.1
2020-01-06T00:35:00.0,0.1,0.1
2020-01-06T00:40:00.0,0.1,0.1
2020-01-06T00:45:00.0,0.1,0.1
2020-01-06T00:50:00.0,0.1,0.1
2020-01-06T00:55:00.0,0.1,0.1
2020-01-06T01:00:00.0,0.1,0.1
2020-01-06T01:05:00.0,0.1,0.1
2020-01-06T01:10:00.0,0.1,0.1
2020-01-06T01:15:00.0,0.1,0.1
2020-01-06T01:20:00.0,0.1,0.1
2020-01-06T01:25:00.0,0.1,0.1
2020-01-06T01:30:00.0,0.1,0.1
2020-01-06T01:35:00.0,0.1,0.1
2020-01-06T01:40:00.0,0.1,0.1
2020-01-06T01:45:00.0,0.1,0.1
2020-01-06T01:50:00.0,0.1,0.1
2020-01-06T01:55:00.0,0.1,0.1
2020-01-06T02:00:00.0,0.1,0.1
2020-01-06T02:05:00.0,0.1,0.1
2020-01-06T02:10:00.0,0.1,0.1
2020-01-06T02:15:00.0,0.1,0.1
2020-01-06T02:20:00.0,0.1,0.1
2020-01-06T02:25:00.0,0.1,0.1
2020-01-06T02:30:00.0,0.1,0.1
2020-01-06T02:35:00.0,0.1,0.1
2020-01-06T02:40:00.0,0.1,0.1
2020-01-06T02:45:00.0,0.1,0.1
2020-01-06T02:50:00.0,0.1,0.1
2020-01-06T02:55:00.0,0.1,0.1
2020-01-06T03:00:00.0,0.1,0.1
2020-01-06T03:05:00.0,0.1,0.1
2020-01-06T03:10:00.0,0.1,0.1
2020-01-06T03:15:00.0,0.1,0.1
2020-01-06T03:20:00.0,0.1,0.1
2020-01-06T03:25:00.0,0.1,0.1
2020-01-06T03:30:00.0,0.1,0.1
2020-01-06T03:35:00.0,0.1,0.1
2020-01-06T03:40:00.0,0.1,0.1
2020-01-06T03:45:00.0,0.1,0.1
2020-01-06T03:50:00.0,0.1,0.1
2020-01-06T03:55:00.0,0.1,0.1
2020-01-06T04:00:00.0,0.1,0.1
2020-01-06T04:05:00.0,0.1,0.1
2020-01-06T04:10:00.0,0.1,0.1
2020-01-06T04:15:00.0,0.1,0.1
2020-01-06T04:20:00.0,0.1,0.1
2020-01-06T04:25:00.0,0.1,0.1
2020-01-06T04:30:00.0,0.1,0.1
2020-01-06T04:35:00.0,0.1,0.1
2020-01-06T04:40:00.0,0.1,0.1
2020-01-06T04:45:00.0,0.1,0.1
2020-01-06T04:50:00.0,0.1,0.1
2020-01-06T04:55:00.0,0.1,0.1
2020-01-06T05:00:00.0,0.1,0.1
2020-01-06T05:05:00.0,0.1,0.1
2020-01-06T05:10:00.0,0.1,0.1
2020-01-06T05:15:00.0,0.1,0.1
2020-01-06T05:20:00.0,0.1,0.1
2020-01-06T05:25:00.0,0.1,0.1
2020-01-06T05:30:00.0,0.1,0.1
2020-01-06T05:35:00.0,0.1,0.1
2020-01-06T05:40:00.0,0.1,0.1
2020-01-06T05:45:00.0,0.1,0.1
2020-01-06T05:50:00.0,0.1,0.1
2020-01-06T05:55:00.0,0.1,0.1
2020-01-06T06:00:00.0,0.1,0.1
2020-01-06T06:05:00.0,0.1,0.1
2020-01-06T06:10:00.0,0.1,0.1
2020-01-06T06:15:00.0,0.1,0.1
2020-01-06T06:20:00.0,0.1,0.1
2020-01-06T06:25:00.0,0.1,0.1
2020-01-06T06:30:00.0,0.1,0.1
2020-01-06T06:35:00.0,0.1,0.1
2020-01-06T06:40:00.0,0.1,0.1
2020-01-06T06:45:00.0,0.1,0.1
2020-01-06T06:50:00.0,0.1,0.1
2020-01-06T06:55:00.0,0.1,0.1
2020-01-06T07:00:00.0,0.1,0.1
2020-01-06T07:05:00.0,0.1,0.1
2020-01-06T07:10:00.0,0.1,0.1
2020-01-06T07:15:00.0,0.1,0.1
2020-01-06T07:20:00.0,0.1,0.1
2020-01-06T07:25:00.0,0.1,0.1
2020-01-06T07:30:00.0,0.1,0.1
2020-01-06T07:35:00.0,0.1,0.1
2020-01-06T07:40:00.0,0.1,0.1
2020-01-06T07:45:00.0,0.1,0.1
2020-01-06T07:50:00.0,0.1,0.1
2020-01-06T07:55:00.0,0.1,0.1
2020-01-06T08:00:00.0,0.1,0.1
2020-01-06T08:05:00.0,0.1,0.1
2020-01-06T08:10:00.0,0.1,0.1
2020-01-06T08:15:00.0,0.1,0.1
2020-01-06T08:20:00.0,0.1,0.1
2020-01-06T08:25:00.0,0.1,0.1
2020-01-06T08:30:00.0,0.1,0.1
2020-01-06T08:35:00.0,0.1,0.1
2020-01-06T08:40:00.0,0.1,0.1
2020-01-06T08:45:00.0,0.1,0.1
2020-01-06T08:50:00.0,0.1,0.1
2020-01-06T08:55:00.0,0.1,0.1
2020-01-06T09:00:00.0,0.1,0.1
2020-01-06T09:05:00.0,0.1,0.1
2020-01-06T09:10:00.0,0.1,0.1
2020-01-06T09:15:00.0,0.1,0.1
2020-01-06T09:20:00.0,0.1,0.1
2020-01-06T09:25:00.0,0.1,0.1
2020-01-06T09:30:00.0,0.1,0.1
2020-01-06T09:35:00.0,0.1,0.1
2020-01-06T09:40:00.0,0.1,0.1
2020-01-06T09:45:00.0,0.1,0.1
2020-01-06T09:50:00.0,0.1,0.1
2020-01-06T09:55:00.0,0.1,0.1
2020-01-06T10:00:00.0,0.1,0.1
2020-01-06T10:05:00.0,0.1,0.1
2020-01-06T10:10:00.0,0.1,0.1
2020-01-06T10:15:00.0,0.1,0.1
2020-01-06T10:20:00.0,0.1,0.1
2020-01-06T10:25:00.0,0.1,0.1
2020-01-06T10:30:00.0,0.1,0.1
2020-01-06T10:35:00.0,0.1,0.1
2020-01-06T10:40:00.0,0.1,0.1
2020-01-06T10:45:00.0,0.1,0.1
2020-01-06T10:50:00.0,0.1,0.1
2020-01-06T10:55:00.0,0.1,0.1
2020-01-06T11:00:00.0,0.1,0.1
2020-01-06T11:05:00.0,0.1,0.1
2020-01-06T11:10:00.0,0.1,0.1
2020-01-06T11:15:00.0,0.1,0.1
2020-01-06T11:20:00.0,0.1,0.1
2020-01-06T11:25:00.0,0.1,0.1
2020-01-06T11:30:00.0,0.1,0.1
2020-01-06T11:35:00.0,0.1,0.1
2020-01-06T11:40:00.0,0.1,0.1
2020-01-06T11:45:00.0,0.1,0.1
2020-01-06T11:50:00.0,0.1,0.1
2020-01-06T11:55:00.0,0.1,0.1
2020-01-06T12:00:00.0,0.1,0.1
2020-01-06T12:05:00.0,0.1,0.1
2020-01-06T12:10:00.0,0.1,0.1
2020-01-06T12:15:00.0,0.1,0.1
2020-01-06T12:20:00.0,0.1,0.1
2020-01-06T12:25:00.0,0.1,0.1
2020-01-06T12:30:00.0,0.1,0.1
2020-01-06T12:35:00.0,0.1,0.1
2020-01-06T12:40:00.0,0.1,0.1
2020-01-06T12:45:00.0,0.1,0.1
2020-01-06T12:50:00.0,0.1,0.1
2020-01-06T12:55:00.0,0.1,0.1
2020-01-06T13:00:00.0,0.1,0.1
2020-01-06T13:05:00.0,0.1,0.1
2020-01-06T13:10:00.0,0.1,0.1
2020-01-06T13:15:00.0,0.1,0.1
2020-01-06T13:20:00.0,0.1,0.1
2020-01-06T13:25:00.0,0.1,0.1
2020-01-06T13:30:00.0,0.1,0.1
2020-01-06T13:35:00.0,0.1,0.1
2020-01-06T13:40:00.0,0.1,0.1
2020-01-06T13:45:00.0,0.1,0.1
2020-01-06T13:50:00.0,0.1,0.1
2020-01-06T13:55:00.0,0.1,0.1
2020-01-06T14:00:00.0,0.1,0.1
2020-01-06T14:05:00.0,0.1,0.1
2020-01-06T14:10:00.0,0.1,0.1
2020-01-06T14:15:00.0,0.1,0.1
2020-01-06T14:20:00.0,0.1,0.1
2020-01-06T14:25:00.0,0.1,0.1
2020-01-06T14:30:00.0,0.1,0.1
2020-01-06T14:35:00.0,0.1,0.1
2020-01-06T14:40:00.0,0.1,0.1
2020-01-06T14:45:00.0,0.1,0.1
2020-01-06T14:50:00.0,0.1,0.1
2020-01-06T14:55:00.0,0.1,0.1
2020-01-06T15:00:00.0,0.1,0.1
2020-01-06T15:05:00.0,0.1,0.1
2020-01-06T15:10:00.0,0.1,0.1
2020-01-06T15:15:00.0,0.1,0.1
2020-01-06T15:20:00.0,0.1,0.1
2020-01-06T15:25:00.0,0.1,0.1
2020-01-06T15:30:00.0,0.1,0.1
2020-01-06T15:35:00.0,0.1,0.1
2020-01-06T15:40:00.0,0.1,0.1
2020-01-06T15:45:00.0,0.1,0.1
2020-01-06T15:50:00.0,0.1,0.1
2020-01-06T15:55:00.0,0.1,0.1
2020-01-06T16:00:00.0,0.1,0.1
2020-01-06T16:05:00.0,0.1,0.1
2020-01-06T16:10:00.0,0.1,0.1
2020-01-06T16:15:00.0,0.1,0.1
2020-01-06T16:20:00.0,0.1,0.1
2020-01-06T16:25:00.0,0.1,0.1
2020-01-06T16:30:00.0,0.1,0.1
2020-01-06T16:35:00.0,0.1,0.1
2020-01-06T16:40:00.0,0.1,0.1
2020-01-06T16:45:00.0,0.1,0.1
2020-01-06T16:50:00.0,0.1,0.1
2020-01-06T16:55:00.0,0.1,0.1
2020-01-06T17:00:00.0,0.1,0.1
2020-01-06T17:05:00.0,0.1,0.1
2020-01-06T17:10:00.0,0.1,0.1
2020-01-06T17:15:00.0,0.1,0.1
2020-01-06T17:20:00.0,0.1,0.1
2020-01-06T17:25:00.0,0.1,0.1
2020-01-06T17:30:00.0,0.1,0.1
2020-01-06T17:35:00.0,0.1,0.1
2020-01-06T17:40:00.0,0.1,0.1
2020-01-06T17:45:00.0,0.1,0.1
2020-01-06T17:50:00.0,0.1,0.1
2020-01-06T17:55:00.0,0.1,0.1
2020-01-06T18:00:00.0,0.1,0.1
2020-01-06T18:05:00.0,0.1,0.1
2020-01-06T18:10:00.0,0.1,0.1
2020-01-06T18:15:00.0,0.1,0.1
2020-01-06T18:20:00.0,0.1,0.1
2020-01-06T18:25:00.0,0.1,0.1
2020-01-06T18:30:00.0,0.1,0.1
2020-01-06T18:35:00.0,0.1,0.1
2020-01-06T18:40:00.0,0.1,0.1
2020-01-06T18:45:00.0,0.1,0.1
2020-01-06T18:50:00.0,0.1,0.1
2020-01-06T18:55:00.0,0.1,0.1
2020-01-06T19:00:00.0,0.1,0.1
2020-01-06T19:05:00.0,0.1,0.1
2020-01-06T19:10:00.0,0.1,0.1
2020-01-06T19:15:00.0,0.1,0.1
2020-01-06T19:20:00.0,0.1,0.1
2020-01-06T19:25:00.0,0.1,0.1
2020-01-06T19:30:00.0,0.1,0.1
2020-01-06T19:35:00.0,0.1,0.1
2020-01-06T19:40:00.0,0.1,0.1
2020-01-06T19:45:00.0,0.1,0.1
2020-01-06T19:50:00.0,0.1,0.1
2020-01-06T19:55:00.0,0.1,0.1
2020-01-06T20:00:00.0,0.1,0.1
2020-01-06T20:05:00.0,0.1,0.1
2020-01-06T20:10:00.0,0.1,0.1
2020-01-06T20:15:00.0,0.1,0.1
2020-01-06T20:20:00.0,0.1,0.1
2020-01-06T20:25:00.0,0.1,0.1
2020-01-06T20:30:00.0,0.1,0.1
2020-01-06T20:35:00.0,0.1,0.1
2020-01-06T20:40:00.0,0.1,0.1
2020-01-06T20:45:00.0,0.1,0.1
2020-01-06T20:50:00.0,0.1,0.1
2020-01-06T20:55:00.0,0.1,0.1
2020-01-06T21:00:00.0,0.1,0.1
2020-01-06T21:05:00.0,0.1,0.1
2020-01-06T21:10:00.0,0.1,0.1
2020-01-06T21:15:00.0,0.1,0.1
2020-01-06T21:20:00.0,0.1,0.1
2020-01-06T21:25:00.0,0.1,0.1
2020-01-06T21:30:00.0,0.1,0.1
2020-01-06T21:35:00.0,0.1,0.1
2020-01-06T21:40:00.0,0.1,0.1
2020-01-06T21:45:00.0,0.1,0.1
2020-01-06T21:50:00.0,0.1,0.1
2020-01-06T21:55:00.0,0.1,0.1
2020-01-06T22:00:00.0,0.1,0.1
2020-01-06T22:05:00.0,0.1,0.1
2020-01-06T22:10:00.0,0.1,0.1
2020-01-06T22:15:00.0,0.1,0.1
2020-01-06T22:20:00.0,0.1,0.1
2020-01-06T22:25:00.0,0.1,0.1
2020-01-06T22:30:00.0,0.1,0.1
2020-01-06T22:35:00.0,0.1,0.1
2020-01-06T22:40:00.0,0.1,0.1
2020-01-06T22:45:00.0,0.1,0.1
2020-01-06T22:50:00.0,0.1,0.1
2020-01-06T22:55:00.0,0.1,0.1
2020-01-06T23:00:00.0,0.1,0.1
2020-01-06T23:05:00.0,0.1,0.1
2020-01-06T23:10:00.0,0.1,0.1
2020-01-06T23:15:00.0,0.1,0.1
2020-01-06T23:20:00.0,0.1,0.1
2020-01-06T23:25:00.0,0.1,0.1
2020-01-06T23:30:00.0,0.1,0.1
2020-01-06T23:35:00.0,0.1,0.1
2020-01-06T23:40:00.0,0.1,0.1
2020-01-06T23:45:00.0,0.1,0.1
2020-01-06T23:50:00.0,0.1,0.1
2020-01-06T23:55:00.0,0.1,0.1
2020-01-07T00:00:00.0,0.1,0.1
2020-01-07T00:05:00.0,0.1,0.1
2020-01-07T00:10:00.0,0.1,0.1
2020-01-07T00:15:00.0,0.1,0.1
2020-01-07T00:20:00.0,0.1,0.1
2020-01-07T00:25:00.0,0.1,0.1
2020-01-07T00:30:00.0,0.1,0.1
2020-01-07T00:35:00.0,0.1,0.1
2020-01-07T00:40:00.0,0.1,0.1
2020-01-07T00:45:00.0,0.1,0.1
2020-01-07T00:50:00.0,0.1,0.1
2020-01-07T00:55:00.0,0.1,0.1
2020-01-07T01:00:00.0,0.1,0.1
2020-01-07T01:05:00.0,0.1,0.1
2020-01-07T01:10:00.0,0.1,0.1
2020-01-07T01:15:00.0,0.1,0.1
2020-01-07T01:20:00.0,0.1,0.1
2020-01-07T01:25:00.0,0.1,0.1
2020-01-07T01:30:00.0,0.1,0.1
2020-01-07T01:35:00.0,0.1,0.1
2020-01-07T01:40:00.0,0.1,0.1
2020-01-07T01:45:00.0,0.1,0.1
2020-01-07T01:50:00.0,0.1,0.1
2020-01-07T01:55:00.0,0.1,0.1
2020-01-07T02:00:00.0,0.1,0.1
2020-01-07T02:05:00.0,0.1,0.1
2020-01-07T02:10:00.0,0.1,0.1
2020-01-07T02:15:00.0,0.1,0.1
2020-01-07T02:20:00.0,0.1,0.1
2020-01-07T02:25:00.0,0.1,0.1
2020-01-07T02:30:00.0,0.1,0.1
2020-01-07T02:35:00.0,0.1,0.1
2020-01-07T02:40:00.0,0.1,0.1
2020-01-07T02:45:00.0,0.1,0.1
2020-01-07T02:50:00.0,0.1,0.1
2020-01-07T02:55:00.0,0.1,0.1
2020-01-07T03:00:00.0,0.1,0.1
2020-01-07T03:05:00.0,0.1,0.1
2020-01-07T03:10:00.0,0.1,0.1
2020-01-07T03:15:00.0,0.1,0.1
2020-01-07T03:20:00.0,0.1,0.1
2020-01-07T03:25:00.0,0.1,0.1
2020-01-07T03:30:00.0,0.1,0.1
2020-01-07T03:35:00.0,0.1,0.1
2020-01-07T03:40:00.0,0.1,0.1
2020-01-07T03:45:00.0,0.1,0.1
2020-01-07T03:50:00.0,0.1,0.1
2020-01-07T03:55:00.0,0.1,0.1
2020-01-07T04:00:00.0,0.1,0.1
2020-01-07T04:05:00.0,0.1,0.1
2020-01-07T04:10:00.0,0.1,0.1
2020-01-07T04:15:00.0,0.1,0.1
2020-01-07T04:20:00.0,0.1,0.1
2020-01-07T04:25:00.0,0.1,0.1
2020-01-07T04:30:00.0,0.1,0.1
2020-01-07T04:35:00.0,0.1,0.1
2020-01-07T04:40:00.0,0.1,0.1
2020-01-07T04:45:00.0,0.1,0.1
2020-01-07T04:50:00.0,0.1,0.1
2020-01-07T04:55:00.0,0.1,0.1
2020-01-07T05:00:00.0,0.1,0.1
2020-01-07T05:05:00.0,0.1,0.1
2020-01-07T05:10:00.0,0.1,0.1
2020-01-07T05:15:00.0,0.1,0.1
2020-01-07T05:20:00.0,0.1,0.1
2020-01-07T05:25:00.0,0.1,0.1
2020-01-07T05:30:00.0,0.1,0.1
2020-01-07T05:35:00.0,0.1,0.1
2020-01-07T05:40:00.0,0.1,0.1
2020-01-07T05:45:00.0,0.1,0.1
2020-01-07T05:50:00.0,0.1,0.1
2020-01-07T05:55:00.0,0.1,0.1
2020-01-07T06:00:00.0,0.1,0.1
2020-01-07T06:05:00.0,0.1,0.1
2020-01-07T06:10:00.0,0.1,0.1
2020-01-07T06:15:00.0,0.1,0.1
2020-01-07T06:20:00.0,0.1,0.1
2020-01-07T06:25:00.0,0.1,0.1
2020-01-07T06:30:00.0,0.1,0.1
2020-01-07T06:35:00.0,0.1,0.1
2020-01-07T06:40:00.0,0.1,0.1
2020-01-07T06:45:00.0,0.1,0.1
2020-01-07T06:50:00.0,0.1,0.1
2020-01-07T06:55:00.0,0.1,0.1
2020-01-07T07:00:00.0,0.1,0.1
2020-01-07T07:05:00.0,0.1,0.1
2020-01-07T07:10:00.0,0.1,0.1
2020-01-07T07:15:00.0,0.1,0.1
2020-01-07T07:20:00.0,0.1,0.1
2020-01-07T07:25:00.0,0.1,0.1
2020-01-07T07:30:00.0,0.1,0.1
2020-01-07T07:35:00.0,0.1,0.1
2020-01-07T07:40:00.0,0.1,0.1
2020-01-07T07:45:00.0,0.1,0.1
2020-01-07T07:50:00.0,0.1,0.1
2020-01-07T07:55:00.0,0.1,0.1
2020-01-07T08:00:00.0,0.1,0.1
2020-01-07T08:05:00.0,0.1,0.1
2020-01-07T08:10:00.0,0.1,0.1
2020-01-07T08:15:00.0,0.1,0.1
2020-01-07T08:20:00.0,0.1,0.1
2020-01-07T08:25:00.0,0.1,0.1
2020-01-07T08:30:00.0,0.1,0.1
2020-01-07T08:35:00.0,0.1,0.1
2020-01-07T08:40:00.0,0.1,0.1
2020-01-07T08:45:00.0,0.1,0.1
2020-01-07T08:50:00.0,0.1,0.1
2020-01-07T08:55:00.0,0.1,0.1
2020-01-07T09:00:00.0,0.1,0.1
2020-01-07T09:05:00.0,0.1,0.1
2020-01-07T09:10:00.0,0.1,0.1
2020-01-07T09:15:00.0,0.1,0.1
2020-01-07T09:20:00.0,0.1,0.1
2020-01-07T09:25:00.0,0.1,0.1
2020-01-07T09:30:00.0,0.1,0.1
2020-01-07T09:35:00.0,0.1,0.1
2020-01-07T09:40:00.0,0.1,0.1
2020-01-07T09:45:00.0,0.1,0.1
2020-01-07T09:50:00.0,0.1,0.1
2020-01-07T09:55:00.0,0.1,0.1
2020-01-07T10:00:00.0,0.1,0.1
2020-01-07T10:05:00.0,0.1,0.1
2020-01-07T10:10:00.0,0.1,0.1
2020-01-07T10:15:00.0,0.1,0.1
2020-01-07T10:20:00.0,0.1,0.1
2020-01-07T10:25:00.0,0.1,0.1
2020-01-07T10:30:00.0,0.1,0.1
2020-01-07T10:35:00.0,0.1,0.1
2020-01-07T10:40:00.0,0.1,0.1
2020-01-07T10:45:00.0,0.1,0.1
2020-01-07T10:50:00.0,0.1,0.1
2020-01-07T10:55:00.0,0.1,0.1
2020-01-07T11:00:00.0,0.1,0.1
2020-01-07T11:05:00.0,0.1,0.1
2020-01-07T11:10:00.0,0.1,0.1
2020-01-07T11:15:00.0,0.1,0.1
2020-01-07T11:20:00.0,0.1,0.1
2020-01-07T11:25:00.0,0.1,0.1
2020-01-07T11:30:00.0,0.1,0.1
2020-01-07T11:35:00.0,0.1,0.1
2020-01-07T11:40:00.0,0.1,0.1
2020-01-07T11:45:00.0,0.1,0.1
2020-01-07T11:50:00.0,0.1,0.1
2020-01-07T11:55:00.0,0.1,0.1
2020-01-07T12:00:00.0,0.1,0.1
2020-01-07T12:05:00.0,0.1,0.1
2020-01-07T12:10:00.0,0.1,0.1
2020-01-07T12:15:00.0,0.1,0.1
2020-01-07T12:20:00.0,0.1,0.1
2020-01-07T12:25:00.0,0.1,0.1
2020-01-07T12:30:00.0,0.1,0.1
2020-01-07T12:35:00.0,0.1,0.1
2020-01-07T12:40:00.0,0.1,0.1
2020-01-07T12:45:00.0,0.1,0.1
2020-01-07T12:50:00.0,0.1,0.1
2020-01-07T12:55:00.0,0.1,0.1
2020-01-07T13:00:00.0,0.1,0.1
2020-01-07T13:05:00.0,0.1,0.1
2020-01-07T13:10:00.0,0.1,0.1
2020-01-07T13:15:00.0,0.1,0.1
2020-01-07T13:20:00.0,0.1,0.1
2020-01-07T13:25:00.0,0.1,0.1
2020-01-07T13:30:00.0,0.1,0.1
2020-01-07T13:35:00.0,0.1,0.1
2020-01-07T13:40:00.0,0.1,0.1
2020-01-07T13:45:00.0,0.1,0.1
2020-01-07T13:50:00.0,0.1,0.1
2020-01-07T13:55:00.0,0.1,0.1
2020-01-07T14:00:00.0,0.1,0.1
2020-01-07T14:05:00.0,0.1,0.1
2020-01-07T14:10:00.0,0.1,0.1
2020-01-07T14:15:00.0,0.1,0.1
2020-01-07T14:20:00.0,0.1,0.1
2020-01-07T14:25:00.0,0.1,0.1
2020-01-07T14:30:00.0,0.1,0.1
2020-01-07T14:35:00.0,0.1,0.1
2020-01-07T14:40:00.0,0.1,0.1
2020-01-07T14:45:00.0,0.1,0.1
2020-01-07T14:50:00.0,0.1,0.1
2020-01-07T14:55:00.0,0.1,0.1
2020-01-07T15:00:00.0,0.1,0.1
2020-01-07T15:05:00.0,0.1,0.1
2020-01-07T15:10:00.0,0.1,0.1
2020-01-07T15:15:00.0,0.1,0.1
2020-01-07T15:20:00.0,0.1,0.1
2020-01-07T15:25:00.0,0.1,0.1
2020-01-07T15:30:00.0,0.1,0.1
2020-01-07T15:35:00.0,0.1,0.1
2020-01-07T15:40:00.0,0.1,0.1
2020-01-07T15:45:00.0,0.1,0.1
2020-01-07T15:50:00.0,0.1,0.1
2020-01-07T15:55:00.0,0.1,0.1
2020-01-07T16:00:00.0,0.1,0.1
2020-01-07T16:05:00.0,0.1,0.1
2020-01-07T16:10:00.0,0.1,0.1
2020-01-07T16:15:00.0,0.1,0.1
2020-01-07T16:20:00.0,0.1,0.1
2020-01-07T16:25:00.0,0.1,0.1
2020-01-07T16:30:00.0,0.1,0.1
2020-01-07T16:35:00.0,0.1,0.1
2020-01-07T16:40:00.0,0.1,0.1
2020-01-07T16:45:00.0,0.1,0.1
2020-01-07T16:50:00.0,0.1,0.1
2020-01-07T16:55:00.0,0.1,0.1
2020-01-07T17:00:00.0,0.1,0.1
2020-01-07T17:05:00.0,0.1,0.1
2020-01-07T17:10:00.0,0.1,0.1
2020-01-07T17:15:00.0,0.1,0.1
2020-01-07T17:20:00.0,0.1,0.1
2020-01-07T17:25:00.0,0.1,0.1
2020-01-07T17:30:00.0,0.1,0.1
2020-01-07T17:35:00.0,0.1,0.1
2020-01-07T17:40:00.0,0.1,0.1
2020-01-07T17:45:00.0,0.1,0.1
2020-01-07T17:50:00.0,0.1,0.1
2020-01-07T17:55:00.0,0.1,0.1
2020-01-07T18:00:00.0,0.1,0.1
2020-01-07T18:05:00.0,0.1,0.1
2020-01-07T18:10:00.0,0.1,0.1
2020-01-07T18:15:00.0,0.1,0.1
2020-01-07T18:20:00.0,0.1,0.1
2020-01-07T18:25:00.0,0.1,0.1
2020-01-07T18:30:00.0,0.1,0.1
2020-01-07T18:35:00.0,0.1,0.1
2020-01-07T18:40:00.0,0.1,0.1
2020-01-07T18:45:00.0,0.1,0.1
2020-01-07T18:50:00.0,0.1,0.1
2020-01-07T18:55:00.0,0.1,0.1
2020-01-07T19:00:00.0,0.1,0.1
2020-01-07T19:05:00.0,0.1,0.1
2020-01-07T19:10:00.0,0.1,0.1
2020-01-07T19:15:00.0,0.1,0.1
2020-01-07T19:20:00.0,0.1,0.1
2020-01-07T19:25:00.0,0.1,0.1
2020-01-07T19:30:00.0,0.1,0.1
2020-01-07T19:35:00.0,0.1,0.1
2020-01-07T19:40:00.0,0.1,0.1
2020-01-07T19:45:00.0,0.1,0.1
2020-01-07T19:50:00.0,0.1,0.1
2020-01-07T19:55:00.0,0.1,0.1
2020-01-07T20:00:00.0,0.1,0.1
2020-01-07T20:05:00.0,0.1,0.1
2020-01-07T20:10:00.0,0.1,0.1
2020-01-07T20:15:00.0,0.1,0.1
2020-01-07T20:20:00.0,0.1,0.1
2020-01-07T20:25:00.0,0.1,0.1
2020-01-07T20:30:00.0,0.1,0.1
2020-01-07T20:35:00.0,0.1,0.1
2020-01-07T20:40:00.0,0.1,0.1
2020-01-07T20:45:00.0,0.1,0.1
2020-01-07T20:50:00.0,0.1,0.1
2020-01-07T20:55:00.0,0.1,0.1
2020-01-07T21:00:00.0,0.1,0.1
2020-01-07T21:05:00.0,0.1,0.1
2020-01-07T21:10:00.0,0.1,0.1
2020-01-07T21:15:00.0,0.1,0.1
2020-01-07T21:20:00.0,0.1,0.1
2020-01-07T21:25:00.0,0.1,0.1
2020-01-07T21:30:00.0,0.1,0.1
2020-01-07T21:35:00.0,0.1,0.1
2020-01-07T21:40:00.0,0.1,0.1
2020-01-07T21:45:00.0,0.1,0.1
2020-01-07T21:50:00.0,0.1,0.1
2020-01-07T21:55:00.0,0.1,0.1
2020-01-07T22:00:00.0,0.1,0.1
2020-01-07T22:05:00.0,0.1,0.1
2020-01-07T22:10:00.0,0.1,0.1
2020-01-07T22:15:00.0,0.1,0.1
2020-01-07T22:20:00.0,0.1,0.1
2020-01-07T22:25:00.0,0.1,0.1
2020-01-07T22:30:00.0,0.1,0.1
2020-01-07T22:35:00.0,0.1,0.1
2020-01-07T22:40:00.0,0.1,0.1
2020-01-07T22:45:00.0,0.1,0.1
2020-01-07T22:50:00.0,0.1,0.1
2020-01-07T22:55:00.0,0.1,0.1
2020-01-07T23:00:00.0,0.1,0.1
2020-01-07T23:05:00.0,0.1,0.1
2020-01-07T23:10:00.0,0.1,0.1
2020-01-07T23:15:00.0,0.1,0.1
2020-01-07T23:20:00.0,0.1,0.1
2020-01-07T23:25:00.0,0.1,0.1
2020-01-07T23:30:00.0,0.1,0.1
2020-01-07T23:35:00.0,0.1,0.1
2020-01-07T23:40:00.0,0.1,0.1
2020-01-07T23:45:00.0,0.1,0.1
2020-01-07T23:50:00.0,0.1,0.1
2020-01-07T23:55:00.0,0.1,0.1